sha256	size_bytes	local_path
597b821e126e722b3d0627dbfe2e39bdfdb3c7a8f2b6ced3473775c701551a67	34272	fonts/google/google-noto-sans-sc/k3kCo84MPvpLmixcA63oeAL7Iqp5IZJF9bmaG9_FnYkldv7JjxkkgFsFSSOPMOkySAZ73y9ViAt3acb8NexQ2w.100.woff2
8eef1fa6b5557ee00c1451df31ff4f56833a8460494446d943a8228d4daf9f72	31028	fonts/google/google-noto-sans-sc/k3kCo84MPvpLmixcA63oeAL7Iqp5IZJF9bmaG9_FnYkldv7JjxkkgFsFSSOPMOkySAZ73y9ViAt3acb8NexQ2w.101.woff2
357be17c54c5bec1de5b00083811b9121707382705635d1a0ef5c3427451e656	32100	fonts/google/google-noto-sans-sc/k3kCo84MPvpLmixcA63oeAL7Iqp5IZJF9bmaG9_FnYkldv7JjxkkgFsFSSOPMOkySAZ73y9ViAt3acb8NexQ2w.102.woff2
de0d9bc6e0e5d3b337ca93b5189a2a235b0f74dcfa58c94f9d9a8e1ccdf2483a	33840	fonts/google/google-noto-sans-sc/k3kCo84MPvpLmixcA63oeAL7Iqp5IZJF9bmaG9_FnYkldv7JjxkkgFsFSSOPMOkySAZ73y9ViAt3acb8NexQ2w.103.woff2
ef41ce86145108505d0c6f229229791ca8771d088a4d1c5a37840031adb5f0c7	32552	fonts/google/google-noto-sans-sc/k3kCo84MPvpLmixcA63oeAL7Iqp5IZJF9bmaG9_FnYkldv7JjxkkgFsFSSOPMOkySAZ73y9ViAt3acb8NexQ2w.104.woff2
0404d02207b7b072a32d9becab37de3420a8f31266978d756d0e1225301f6888	32760	fonts/google/google-noto-sans-sc/k3kCo84MPvpLmixcA63oeAL7Iqp5IZJF9bmaG9_FnYkldv7JjxkkgFsFSSOPMOkySAZ73y9ViAt3acb8NexQ2w.105.woff2
6f1efc3f7a993358a56290ea16b4e241d3618f2791733209ef332737d2b1ac5d	33208	fonts/google/google-noto-sans-sc/k3kCo84MPvpLmixcA63oeAL7Iqp5IZJF9bmaG9_FnYkldv7JjxkkgFsFSSOPMOkySAZ73y9ViAt3acb8NexQ2w.106.woff2
6d4a79aff3792b5dd83aad78768e050c9e5cad336c6db1a6932b33db15a06664	32380	fonts/google/google-noto-sans-sc/k3kCo84MPvpLmixcA63oeAL7Iqp5IZJF9bmaG9_FnYkldv7JjxkkgFsFSSOPMOkySAZ73y9ViAt3acb8NexQ2w.107.woff2
b1a0d456ebff097f0ef909ea1d0680a993ee018e0c8a319c77576abacdccc22c	34144	fonts/google/google-noto-sans-sc/k3kCo84MPvpLmixcA63oeAL7Iqp5IZJF9bmaG9_FnYkldv7JjxkkgFsFSSOPMOkySAZ73y9ViAt3acb8NexQ2w.108.woff2
7a7980f80559bb36dfff4ea64e9b03d926c98566fb7326181569ac1e8334b717	32056	fonts/google/google-noto-sans-sc/k3kCo84MPvpLmixcA63oeAL7Iqp5IZJF9bmaG9_FnYkldv7JjxkkgFsFSSOPMOkySAZ73y9ViAt3acb8NexQ2w.109.woff2
e4d24ba921e93102c2b198187e4e0ed507aafd07e5cd6de032d5df7b76ee044b	32676	fonts/google/google-noto-sans-sc/k3kCo84MPvpLmixcA63oeAL7Iqp5IZJF9bmaG9_FnYkldv7JjxkkgFsFSSOPMOkySAZ73y9ViAt3acb8NexQ2w.110.woff2
f20ccaeab7d4244e651e6cac4296c2a26403108e70e8db5ac105b474670f1c28	33164	fonts/google/google-noto-sans-sc/k3kCo84MPvpLmixcA63oeAL7Iqp5IZJF9bmaG9_FnYkldv7JjxkkgFsFSSOPMOkySAZ73y9ViAt3acb8NexQ2w.111.woff2
6624c02437475caaf043f015208ef74c74e8fe8633d54ae1d5fc3a9ed38e7ea0	30472	fonts/google/google-noto-sans-sc/k3kCo84MPvpLmixcA63oeAL7Iqp5IZJF9bmaG9_FnYkldv7JjxkkgFsFSSOPMOkySAZ73y9ViAt3acb8NexQ2w.112.woff2
f2fd94429f722da169fb4b0a3a132ef5bf92d0b0aa3ae3426006446d50994c36	30996	fonts/google/google-noto-sans-sc/k3kCo84MPvpLmixcA63oeAL7Iqp5IZJF9bmaG9_FnYkldv7JjxkkgFsFSSOPMOkySAZ73y9ViAt3acb8NexQ2w.113.woff2
d58ca6082d43993a894bcee72181b98527d3ef003099ba61146e3df4883a7be2	30712	fonts/google/google-noto-sans-sc/k3kCo84MPvpLmixcA63oeAL7Iqp5IZJF9bmaG9_FnYkldv7JjxkkgFsFSSOPMOkySAZ73y9ViAt3acb8NexQ2w.114.woff2
d83b8291340e0024c8a573afe48b60ce22ed00d87619a7f3950b2193d19af6c9	29968	fonts/google/google-noto-sans-sc/k3kCo84MPvpLmixcA63oeAL7Iqp5IZJF9bmaG9_FnYkldv7JjxkkgFsFSSOPMOkySAZ73y9ViAt3acb8NexQ2w.115.woff2
5744f8001a3e231990bd1fe87b080bdd4b4d0e658c84a3bcdb5555e57e32661a	28120	fonts/google/google-noto-sans-sc/k3kCo84MPvpLmixcA63oeAL7Iqp5IZJF9bmaG9_FnYkldv7JjxkkgFsFSSOPMOkySAZ73y9ViAt3acb8NexQ2w.116.woff2
bf7c1b4b8b0d1110c761720b977d237d350130d29db48aea0bc5189f572dad3d	27864	fonts/google/google-noto-sans-sc/k3kCo84MPvpLmixcA63oeAL7Iqp5IZJF9bmaG9_FnYkldv7JjxkkgFsFSSOPMOkySAZ73y9ViAt3acb8NexQ2w.117.woff2
b6be37866f0d950777a6ce2ab417aba11acc3c52786072b0d760da2a277cd248	24720	fonts/google/google-noto-sans-sc/k3kCo84MPvpLmixcA63oeAL7Iqp5IZJF9bmaG9_FnYkldv7JjxkkgFsFSSOPMOkySAZ73y9ViAt3acb8NexQ2w.118.woff2
190237c828b2ea0f076bd1a4a1e6bbd7365e56a5ef837042e35763585250b3ac	41288	fonts/google/google-noto-sans-sc/k3kCo84MPvpLmixcA63oeAL7Iqp5IZJF9bmaG9_FnYkldv7JjxkkgFsFSSOPMOkySAZ73y9ViAt3acb8NexQ2w.119.woff2
7af32afb6e5bc5c002758143cfa3e780f300740ce2101f95995f90c51ca07e01	6192	fonts/google/google-noto-sans-sc/k3kCo84MPvpLmixcA63oeAL7Iqp5IZJF9bmaG9_FnYkldv7JjxkkgFsFSSOPMOkySAZ73y9ViAt3acb8NexQ2w.21.woff2
ffecbf6ea4b0e598abaa72dc50f0b1cbbde6de4b89f3400853e51cda18b2b03e	34548	fonts/google/google-noto-sans-sc/k3kCo84MPvpLmixcA63oeAL7Iqp5IZJF9bmaG9_FnYkldv7JjxkkgFsFSSOPMOkySAZ73y9ViAt3acb8NexQ2w.22.woff2
635735a1ff65f4117480fdd5539a9e82527525ed3415316ee1e4a112f55074e1	30520	fonts/google/google-noto-sans-sc/k3kCo84MPvpLmixcA63oeAL7Iqp5IZJF9bmaG9_FnYkldv7JjxkkgFsFSSOPMOkySAZ73y9ViAt3acb8NexQ2w.23.woff2
cd55851f977ad169931a3dadb030baf28b0ddca4ebed5db3dc768e36024f39ff	33328	fonts/google/google-noto-sans-sc/k3kCo84MPvpLmixcA63oeAL7Iqp5IZJF9bmaG9_FnYkldv7JjxkkgFsFSSOPMOkySAZ73y9ViAt3acb8NexQ2w.24.woff2
81fa8ca5bacbda6e6d78cfcdcb43cb714b16efa4b5a080614fbf9c8188e23c19	31216	fonts/google/google-noto-sans-sc/k3kCo84MPvpLmixcA63oeAL7Iqp5IZJF9bmaG9_FnYkldv7JjxkkgFsFSSOPMOkySAZ73y9ViAt3acb8NexQ2w.25.woff2
1ff769bd29425085aadb50467fcec022eb8b749019af66765b780e9a0f7cc969	27220	fonts/google/google-noto-sans-sc/k3kCo84MPvpLmixcA63oeAL7Iqp5IZJF9bmaG9_FnYkldv7JjxkkgFsFSSOPMOkySAZ73y9ViAt3acb8NexQ2w.26.woff2
d3b6a5f1526dde1ecab11dba6a654e0884142e6424326e461b8f4056227338f7	25452	fonts/google/google-noto-sans-sc/k3kCo84MPvpLmixcA63oeAL7Iqp5IZJF9bmaG9_FnYkldv7JjxkkgFsFSSOPMOkySAZ73y9ViAt3acb8NexQ2w.27.woff2
013a27d2ea2d3330344f82447df2160c3075fe2cc21d45bd24ade319fb2cafde	26456	fonts/google/google-noto-sans-sc/k3kCo84MPvpLmixcA63oeAL7Iqp5IZJF9bmaG9_FnYkldv7JjxkkgFsFSSOPMOkySAZ73y9ViAt3acb8NexQ2w.28.woff2
9a15d9ca2b3a0e2d3a3decbd923aab1b28c08cbe04d6ddaa0fc486210180b0db	28684	fonts/google/google-noto-sans-sc/k3kCo84MPvpLmixcA63oeAL7Iqp5IZJF9bmaG9_FnYkldv7JjxkkgFsFSSOPMOkySAZ73y9ViAt3acb8NexQ2w.29.woff2
564a1aaea728633fbe7aa09b5bb43d43dd9ee3bdac8a600f031f2a761edd5e99	29164	fonts/google/google-noto-sans-sc/k3kCo84MPvpLmixcA63oeAL7Iqp5IZJF9bmaG9_FnYkldv7JjxkkgFsFSSOPMOkySAZ73y9ViAt3acb8NexQ2w.30.woff2
18a82abced21f95dd62e67dab46c3612f4efe4acf4ba49bc699e0ef8a56a8e29	25400	fonts/google/google-noto-sans-sc/k3kCo84MPvpLmixcA63oeAL7Iqp5IZJF9bmaG9_FnYkldv7JjxkkgFsFSSOPMOkySAZ73y9ViAt3acb8NexQ2w.31.woff2
5ce8d305e655b53de2b9b59c63c848775150789c8e983db68caeab86740c2e1a	27604	fonts/google/google-noto-sans-sc/k3kCo84MPvpLmixcA63oeAL7Iqp5IZJF9bmaG9_FnYkldv7JjxkkgFsFSSOPMOkySAZ73y9ViAt3acb8NexQ2w.32.woff2
bb8182f884d9a84289713b2d7c15115c36ee0a9be4f695596ecd6c9670b22d44	25440	fonts/google/google-noto-sans-sc/k3kCo84MPvpLmixcA63oeAL7Iqp5IZJF9bmaG9_FnYkldv7JjxkkgFsFSSOPMOkySAZ73y9ViAt3acb8NexQ2w.33.woff2
0b08cfec4dfe8f751b4b2e7dd30fb52983754840891fa5c0fcf625214184d11f	25288	fonts/google/google-noto-sans-sc/k3kCo84MPvpLmixcA63oeAL7Iqp5IZJF9bmaG9_FnYkldv7JjxkkgFsFSSOPMOkySAZ73y9ViAt3acb8NexQ2w.34.woff2
65e8c613cbad5188cf0e9a9bb9efa8f0a6c1cf6d3c479dd34bf557d3da28ed7b	26692	fonts/google/google-noto-sans-sc/k3kCo84MPvpLmixcA63oeAL7Iqp5IZJF9bmaG9_FnYkldv7JjxkkgFsFSSOPMOkySAZ73y9ViAt3acb8NexQ2w.35.woff2
b0b1daf10780e6c6e4ee7c9c63dda6e9abc979310f28ff6c55a97329927bce95	22652	fonts/google/google-noto-sans-sc/k3kCo84MPvpLmixcA63oeAL7Iqp5IZJF9bmaG9_FnYkldv7JjxkkgFsFSSOPMOkySAZ73y9ViAt3acb8NexQ2w.36.woff2
9c4e7b148a74989bbd9ccb983cd34d8d37377245d1b091ca246ea9592badfcd8	28156	fonts/google/google-noto-sans-sc/k3kCo84MPvpLmixcA63oeAL7Iqp5IZJF9bmaG9_FnYkldv7JjxkkgFsFSSOPMOkySAZ73y9ViAt3acb8NexQ2w.37.woff2
f588ebfd432fb8574d7111c3115170717c3ae0785b88688251e92aa8d6a2ca23	28944	fonts/google/google-noto-sans-sc/k3kCo84MPvpLmixcA63oeAL7Iqp5IZJF9bmaG9_FnYkldv7JjxkkgFsFSSOPMOkySAZ73y9ViAt3acb8NexQ2w.38.woff2
a678dc9faf6674688fe4f74866bddc4155f0091ac4058e112074a619fc08004c	27700	fonts/google/google-noto-sans-sc/k3kCo84MPvpLmixcA63oeAL7Iqp5IZJF9bmaG9_FnYkldv7JjxkkgFsFSSOPMOkySAZ73y9ViAt3acb8NexQ2w.39.woff2
ed2fe4daa3dde221f92e9d6ce967101b850bdff9d17065689070dc2650040518	2300	fonts/google/google-noto-sans-sc/k3kCo84MPvpLmixcA63oeAL7Iqp5IZJF9bmaG9_FnYkldv7JjxkkgFsFSSOPMOkySAZ73y9ViAt3acb8NexQ2w.4.woff2
d1f0c930082af4cae9a7889dd2da82b43fbb58a3b5ebfaff7b8d3e40e8d2cff0	24704	fonts/google/google-noto-sans-sc/k3kCo84MPvpLmixcA63oeAL7Iqp5IZJF9bmaG9_FnYkldv7JjxkkgFsFSSOPMOkySAZ73y9ViAt3acb8NexQ2w.40.woff2
22b84cdfc5b47dcbf764478369109f9ec1a8c66d7963cf30dfc57de3abd64f42	19412	fonts/google/google-noto-sans-sc/k3kCo84MPvpLmixcA63oeAL7Iqp5IZJF9bmaG9_FnYkldv7JjxkkgFsFSSOPMOkySAZ73y9ViAt3acb8NexQ2w.41.woff2
525eef80cf1b1fe2659167daa83bb853f83b643c5828f4cafb6d60aeb554ef6d	24460	fonts/google/google-noto-sans-sc/k3kCo84MPvpLmixcA63oeAL7Iqp5IZJF9bmaG9_FnYkldv7JjxkkgFsFSSOPMOkySAZ73y9ViAt3acb8NexQ2w.42.woff2
4326187b4e1370d12785707338cd16ba06eb7fc3bf866a7b8cb4087f71d666bd	24952	fonts/google/google-noto-sans-sc/k3kCo84MPvpLmixcA63oeAL7Iqp5IZJF9bmaG9_FnYkldv7JjxkkgFsFSSOPMOkySAZ73y9ViAt3acb8NexQ2w.43.woff2
e0812601cf62c3ed71199189e20378c00dc567a12cbe05377098c2b9de903bd3	28748	fonts/google/google-noto-sans-sc/k3kCo84MPvpLmixcA63oeAL7Iqp5IZJF9bmaG9_FnYkldv7JjxkkgFsFSSOPMOkySAZ73y9ViAt3acb8NexQ2w.44.woff2
b7f880a03391f72ea94333e2a4506d3ff6d651de4668ad8e92ceaefbba5264de	36840	fonts/google/google-noto-sans-sc/k3kCo84MPvpLmixcA63oeAL7Iqp5IZJF9bmaG9_FnYkldv7JjxkkgFsFSSOPMOkySAZ73y9ViAt3acb8NexQ2w.45.woff2
332fc0db2f10a3fdce94edf5caf5632d94f95ce6cd3715e1ee8d032a1e4d5669	32192	fonts/google/google-noto-sans-sc/k3kCo84MPvpLmixcA63oeAL7Iqp5IZJF9bmaG9_FnYkldv7JjxkkgFsFSSOPMOkySAZ73y9ViAt3acb8NexQ2w.46.woff2
31087e9afdd6b4d9a3b87054e06d9e1a357c5c7622f53d06a873dcbe89cab1ed	29776	fonts/google/google-noto-sans-sc/k3kCo84MPvpLmixcA63oeAL7Iqp5IZJF9bmaG9_FnYkldv7JjxkkgFsFSSOPMOkySAZ73y9ViAt3acb8NexQ2w.47.woff2
567c513b94ef3e986099ba0abb2ce6cd148d1a7725f86e5f1ba941fc45b829cd	26892	fonts/google/google-noto-sans-sc/k3kCo84MPvpLmixcA63oeAL7Iqp5IZJF9bmaG9_FnYkldv7JjxkkgFsFSSOPMOkySAZ73y9ViAt3acb8NexQ2w.48.woff2
5d33063a54f945d0d985e9da540f5abe2b6ad3a968da3367b872b5cd7efc2fc4	28084	fonts/google/google-noto-sans-sc/k3kCo84MPvpLmixcA63oeAL7Iqp5IZJF9bmaG9_FnYkldv7JjxkkgFsFSSOPMOkySAZ73y9ViAt3acb8NexQ2w.49.woff2
c875a169469fae4dfab49cb63ae1e5ceab706ea083b44a27ae89da93bb021c1d	10904	fonts/google/google-noto-sans-sc/k3kCo84MPvpLmixcA63oeAL7Iqp5IZJF9bmaG9_FnYkldv7JjxkkgFsFSSOPMOkySAZ73y9ViAt3acb8NexQ2w.5.woff2
28208e128052edc267e874112fd7dd5f15f4fead0e2d93300a7421b8ffebba0a	24788	fonts/google/google-noto-sans-sc/k3kCo84MPvpLmixcA63oeAL7Iqp5IZJF9bmaG9_FnYkldv7JjxkkgFsFSSOPMOkySAZ73y9ViAt3acb8NexQ2w.50.woff2
566e608c80f851b7d830c2c85770790b7d6b3d4c532501a7c7d3edd99613fc3a	22496	fonts/google/google-noto-sans-sc/k3kCo84MPvpLmixcA63oeAL7Iqp5IZJF9bmaG9_FnYkldv7JjxkkgFsFSSOPMOkySAZ73y9ViAt3acb8NexQ2w.51.woff2
576dd5abc648c087d61168a9df804b6f94e3c8dcca32a52d3b1596326b8cd70c	27404	fonts/google/google-noto-sans-sc/k3kCo84MPvpLmixcA63oeAL7Iqp5IZJF9bmaG9_FnYkldv7JjxkkgFsFSSOPMOkySAZ73y9ViAt3acb8NexQ2w.52.woff2
8e8000bc63050f471435f43951bcf049974c9e771bd999c482ddd36fb9b26516	23076	fonts/google/google-noto-sans-sc/k3kCo84MPvpLmixcA63oeAL7Iqp5IZJF9bmaG9_FnYkldv7JjxkkgFsFSSOPMOkySAZ73y9ViAt3acb8NexQ2w.53.woff2
153bd830dcd1700d3ddba1bf030cc7886b336fbfc9182e0991263386578ad989	27744	fonts/google/google-noto-sans-sc/k3kCo84MPvpLmixcA63oeAL7Iqp5IZJF9bmaG9_FnYkldv7JjxkkgFsFSSOPMOkySAZ73y9ViAt3acb8NexQ2w.54.woff2
382d83fc17c0ff8051267bdb25518b8579149186658b4980ae0a591a46dae8c8	25820	fonts/google/google-noto-sans-sc/k3kCo84MPvpLmixcA63oeAL7Iqp5IZJF9bmaG9_FnYkldv7JjxkkgFsFSSOPMOkySAZ73y9ViAt3acb8NexQ2w.55.woff2
81709277ab70ec4442552c26ec484ac4fea9825608e35937d46918853718de2f	28548	fonts/google/google-noto-sans-sc/k3kCo84MPvpLmixcA63oeAL7Iqp5IZJF9bmaG9_FnYkldv7JjxkkgFsFSSOPMOkySAZ73y9ViAt3acb8NexQ2w.56.woff2
ad1b3a57ac21ed3f8c95b16a229bc76cced8e49a7ccb46213cdaf9f5f2456eb2	29636	fonts/google/google-noto-sans-sc/k3kCo84MPvpLmixcA63oeAL7Iqp5IZJF9bmaG9_FnYkldv7JjxkkgFsFSSOPMOkySAZ73y9ViAt3acb8NexQ2w.57.woff2
0d53976e733bdac4cb5d82d3c81541c62e81316d5168ef9e32c13d3cb7350e88	30384	fonts/google/google-noto-sans-sc/k3kCo84MPvpLmixcA63oeAL7Iqp5IZJF9bmaG9_FnYkldv7JjxkkgFsFSSOPMOkySAZ73y9ViAt3acb8NexQ2w.58.woff2
f1201d94e3bc475a5ed2ae50c1d8567612ceb726845671e3b6881dcbf58e7b11	25128	fonts/google/google-noto-sans-sc/k3kCo84MPvpLmixcA63oeAL7Iqp5IZJF9bmaG9_FnYkldv7JjxkkgFsFSSOPMOkySAZ73y9ViAt3acb8NexQ2w.59.woff2
eb89d4458482416aa7cdc5bf2375ba2dadb558cc47743c248f1a9f59d82768aa	6468	fonts/google/google-noto-sans-sc/k3kCo84MPvpLmixcA63oeAL7Iqp5IZJF9bmaG9_FnYkldv7JjxkkgFsFSSOPMOkySAZ73y9ViAt3acb8NexQ2w.6.woff2
267b7c3abf1331eac941f589248b677b1946adcb5ce0a393dc5ae4bc50e019e2	22240	fonts/google/google-noto-sans-sc/k3kCo84MPvpLmixcA63oeAL7Iqp5IZJF9bmaG9_FnYkldv7JjxkkgFsFSSOPMOkySAZ73y9ViAt3acb8NexQ2w.60.woff2
221fde0edcb420c15479b4f8a0f9ce44f2c18daed7e40edeac54add5dc46df6d	24176	fonts/google/google-noto-sans-sc/k3kCo84MPvpLmixcA63oeAL7Iqp5IZJF9bmaG9_FnYkldv7JjxkkgFsFSSOPMOkySAZ73y9ViAt3acb8NexQ2w.61.woff2
eb1ed88c9e62baa9c53869812906422ad7ff122f2c85f996d7ff60ddfe06d903	31148	fonts/google/google-noto-sans-sc/k3kCo84MPvpLmixcA63oeAL7Iqp5IZJF9bmaG9_FnYkldv7JjxkkgFsFSSOPMOkySAZ73y9ViAt3acb8NexQ2w.62.woff2
fdf4cb489da2742f81f03387b786670b060778faa7cc94e5d31449c7abedf32c	25952	fonts/google/google-noto-sans-sc/k3kCo84MPvpLmixcA63oeAL7Iqp5IZJF9bmaG9_FnYkldv7JjxkkgFsFSSOPMOkySAZ73y9ViAt3acb8NexQ2w.63.woff2
6d7dab9e4d58643b61723efa00f66308298307b4f56009207d496ffe1c8f4480	21888	fonts/google/google-noto-sans-sc/k3kCo84MPvpLmixcA63oeAL7Iqp5IZJF9bmaG9_FnYkldv7JjxkkgFsFSSOPMOkySAZ73y9ViAt3acb8NexQ2w.64.woff2
b44bb9883d57447817aaba196fafd75f67c1e2d2cbd3ec36d98690e798e94889	22376	fonts/google/google-noto-sans-sc/k3kCo84MPvpLmixcA63oeAL7Iqp5IZJF9bmaG9_FnYkldv7JjxkkgFsFSSOPMOkySAZ73y9ViAt3acb8NexQ2w.65.woff2
63cce03a9ad8fada17258b8bb52b871d53e50bcffb4610fe371840da7866680c	27956	fonts/google/google-noto-sans-sc/k3kCo84MPvpLmixcA63oeAL7Iqp5IZJF9bmaG9_FnYkldv7JjxkkgFsFSSOPMOkySAZ73y9ViAt3acb8NexQ2w.66.woff2
cb12154112692c66db52f2e4fdfaa4fc113ac0b9570adaec4ee4c55cc2fbdb76	28048	fonts/google/google-noto-sans-sc/k3kCo84MPvpLmixcA63oeAL7Iqp5IZJF9bmaG9_FnYkldv7JjxkkgFsFSSOPMOkySAZ73y9ViAt3acb8NexQ2w.67.woff2
e0044aa161cc01383067bcce0fa368638d1ed083753fdc5db0082e96ae3631d2	22240	fonts/google/google-noto-sans-sc/k3kCo84MPvpLmixcA63oeAL7Iqp5IZJF9bmaG9_FnYkldv7JjxkkgFsFSSOPMOkySAZ73y9ViAt3acb8NexQ2w.68.woff2
fdd9aae52145fe71b3a2ecda23f7f2ef8460dc817cca0419b2b7c97e90e00dd7	29556	fonts/google/google-noto-sans-sc/k3kCo84MPvpLmixcA63oeAL7Iqp5IZJF9bmaG9_FnYkldv7JjxkkgFsFSSOPMOkySAZ73y9ViAt3acb8NexQ2w.69.woff2
57884ef84983279320e75440b40c8ffc7f94d4ae2aa904f453a594baebb4dbf3	22440	fonts/google/google-noto-sans-sc/k3kCo84MPvpLmixcA63oeAL7Iqp5IZJF9bmaG9_FnYkldv7JjxkkgFsFSSOPMOkySAZ73y9ViAt3acb8NexQ2w.70.woff2
b01eb9c4a36dadd01aae9fd0679e108144a35c83d8b571b9ca7a5f3ddb8663e3	25544	fonts/google/google-noto-sans-sc/k3kCo84MPvpLmixcA63oeAL7Iqp5IZJF9bmaG9_FnYkldv7JjxkkgFsFSSOPMOkySAZ73y9ViAt3acb8NexQ2w.71.woff2
b7eaf718308abdb9cde6e0796981df5d66e3b6ac09ef72e0fe7cdd72226afb3b	25012	fonts/google/google-noto-sans-sc/k3kCo84MPvpLmixcA63oeAL7Iqp5IZJF9bmaG9_FnYkldv7JjxkkgFsFSSOPMOkySAZ73y9ViAt3acb8NexQ2w.72.woff2
c0e3c0dc21700173d1f63678e8a4e675736242344abe371a528fc3448173dbb7	20844	fonts/google/google-noto-sans-sc/k3kCo84MPvpLmixcA63oeAL7Iqp5IZJF9bmaG9_FnYkldv7JjxkkgFsFSSOPMOkySAZ73y9ViAt3acb8NexQ2w.73.woff2
9bd05189a915eecfeca3a047920951efc34fe4ff9acf807a953cc82424da6147	30036	fonts/google/google-noto-sans-sc/k3kCo84MPvpLmixcA63oeAL7Iqp5IZJF9bmaG9_FnYkldv7JjxkkgFsFSSOPMOkySAZ73y9ViAt3acb8NexQ2w.74.woff2
d4bfa9e6b4acd3c4840bc74ac8846927f9b360b19523b0de39d878a1378a534e	23668	fonts/google/google-noto-sans-sc/k3kCo84MPvpLmixcA63oeAL7Iqp5IZJF9bmaG9_FnYkldv7JjxkkgFsFSSOPMOkySAZ73y9ViAt3acb8NexQ2w.75.woff2
a8d0560ff9e88417d0e079864a47c6039dae7986cbbe85415bd8a78e4e3820ae	25788	fonts/google/google-noto-sans-sc/k3kCo84MPvpLmixcA63oeAL7Iqp5IZJF9bmaG9_FnYkldv7JjxkkgFsFSSOPMOkySAZ73y9ViAt3acb8NexQ2w.76.woff2
e7827744951cb54a9fcae95b0ecd71618f51dd292ada890c590d5ad78782a890	19708	fonts/google/google-noto-sans-sc/k3kCo84MPvpLmixcA63oeAL7Iqp5IZJF9bmaG9_FnYkldv7JjxkkgFsFSSOPMOkySAZ73y9ViAt3acb8NexQ2w.77.woff2
5888533210e5b7e327e9187d67d6f87333bf8921bb25d9a1960a445bcf9a767a	26120	fonts/google/google-noto-sans-sc/k3kCo84MPvpLmixcA63oeAL7Iqp5IZJF9bmaG9_FnYkldv7JjxkkgFsFSSOPMOkySAZ73y9ViAt3acb8NexQ2w.78.woff2
a956682a0067e4f0bc614dfa53cb86ea077906784254708eed56610694a48546	21936	fonts/google/google-noto-sans-sc/k3kCo84MPvpLmixcA63oeAL7Iqp5IZJF9bmaG9_FnYkldv7JjxkkgFsFSSOPMOkySAZ73y9ViAt3acb8NexQ2w.79.woff2
5eab3572e5dfc501ab8f17e54f1df1237f567b8eca1757ddcabdf74704a85ee8	17304	fonts/google/google-noto-sans-sc/k3kCo84MPvpLmixcA63oeAL7Iqp5IZJF9bmaG9_FnYkldv7JjxkkgFsFSSOPMOkySAZ73y9ViAt3acb8NexQ2w.80.woff2
e9fd7c679cda8fd773244481d4390ebee71d0523e9a723a7fa3c243128349594	25120	fonts/google/google-noto-sans-sc/k3kCo84MPvpLmixcA63oeAL7Iqp5IZJF9bmaG9_FnYkldv7JjxkkgFsFSSOPMOkySAZ73y9ViAt3acb8NexQ2w.81.woff2
70a3d11131391c5df15ec99c21d3c206562575e3e4adfb3e757aa9dc631e9415	24404	fonts/google/google-noto-sans-sc/k3kCo84MPvpLmixcA63oeAL7Iqp5IZJF9bmaG9_FnYkldv7JjxkkgFsFSSOPMOkySAZ73y9ViAt3acb8NexQ2w.82.woff2
b412b8dc0f9e30e825c35445b725c3d5619f741fc01d757c35ffd258d581ef7b	23076	fonts/google/google-noto-sans-sc/k3kCo84MPvpLmixcA63oeAL7Iqp5IZJF9bmaG9_FnYkldv7JjxkkgFsFSSOPMOkySAZ73y9ViAt3acb8NexQ2w.83.woff2
d1b5af0c20b10f416cbcab989c6a4ce295a25180d324a33763e70e60dd69bee0	17540	fonts/google/google-noto-sans-sc/k3kCo84MPvpLmixcA63oeAL7Iqp5IZJF9bmaG9_FnYkldv7JjxkkgFsFSSOPMOkySAZ73y9ViAt3acb8NexQ2w.84.woff2
f6bcaef8ab8e5f9f780af09b1820c8327cd1e391f2f837489e868c310e133dd0	14600	fonts/google/google-noto-sans-sc/k3kCo84MPvpLmixcA63oeAL7Iqp5IZJF9bmaG9_FnYkldv7JjxkkgFsFSSOPMOkySAZ73y9ViAt3acb8NexQ2w.85.woff2
ae918e4d6d8a608f411b816d2098365e0ea33bcfc3586843aae4ab0e5215f923	17912	fonts/google/google-noto-sans-sc/k3kCo84MPvpLmixcA63oeAL7Iqp5IZJF9bmaG9_FnYkldv7JjxkkgFsFSSOPMOkySAZ73y9ViAt3acb8NexQ2w.86.woff2
bfedc5f12e9b48fab4a9e33df40f8916eacc58ecc8708353f4202736214af745	5212	fonts/google/google-noto-sans-sc/k3kCo84MPvpLmixcA63oeAL7Iqp5IZJF9bmaG9_FnYkldv7JjxkkgFsFSSOPMOkySAZ73y9ViAt3acb8NexQ2w.87.woff2
bcfdf8cf98bd6309f105f8355329db988ab89c9342bf7011468b7880d4d96cd8	6240	fonts/google/google-noto-sans-sc/k3kCo84MPvpLmixcA63oeAL7Iqp5IZJF9bmaG9_FnYkldv7JjxkkgFsFSSOPMOkySAZ73y9ViAt3acb8NexQ2w.88.woff2
6fe0b048940f7476c957e5af8bcab55110e4b25c50a1ec35339ff1bfe971dd84	6112	fonts/google/google-noto-sans-sc/k3kCo84MPvpLmixcA63oeAL7Iqp5IZJF9bmaG9_FnYkldv7JjxkkgFsFSSOPMOkySAZ73y9ViAt3acb8NexQ2w.89.woff2
29e5f26e91a5bef53dec181db1ba48b7fbc930a3a447250c480b15f2d8b80aa2	5324	fonts/google/google-noto-sans-sc/k3kCo84MPvpLmixcA63oeAL7Iqp5IZJF9bmaG9_FnYkldv7JjxkkgFsFSSOPMOkySAZ73y9ViAt3acb8NexQ2w.90.woff2
2b58832ab88ec951c9844b0d5bc0409d087269f4be2644906810848d87faabad	4704	fonts/google/google-noto-sans-sc/k3kCo84MPvpLmixcA63oeAL7Iqp5IZJF9bmaG9_FnYkldv7JjxkkgFsFSSOPMOkySAZ73y9ViAt3acb8NexQ2w.91.woff2
080d7bb6884be3cf146348a70fa5cd912eb0b1ce64d12a0d09c541e74722f6ce	1412	fonts/google/google-noto-sans-sc/k3kCo84MPvpLmixcA63oeAL7Iqp5IZJF9bmaG9_FnYkldv7JjxkkgFsFSSOPMOkySAZ73y9ViAt3acb8NexQ2w.97.woff2
0695f65b38d373d6fe451a8104b9236a63223285438473adbfb767f36bb11b92	2076	fonts/google/google-noto-sans-sc/k3kCo84MPvpLmixcA63oeAL7Iqp5IZJF9bmaG9_FnYkldv7JjxkkgFsFSSOPMOkySAZ73y9ViAt3acb8NexQ2w.98.woff2
1ded3d06687b7ba7a315d4a5442431af6e69718272666abfd2b78f66fd65f327	5204	fonts/google/google-noto-sans-sc/k3kCo84MPvpLmixcA63oeAL7Iqp5IZJF9bmaG9_FnYkldv7JjxkkgFsFSSOPMOkySAZ73y9ViAt3acb8NexQ2w.99.woff2
8cb87d06499a5084cd4b794e90b319c5526ab1da25db009a54f8f8ccd60ba948	5304	fonts/google/google-noto-sans-sc/k3kCo84MPvpLmixcA63oeAL7Iqp5IZJF9bmaG9_FrY9HbczS.woff2
f07ef64be4c8a5064101c6ecc586a3b487a5ebed8164e21ff7260f4cf5790008	4708	fonts/google/google-noto-sans-sc/k3kCo84MPvpLmixcA63oeAL7Iqp5IZJF9bmaG9_FrYRHbczS.woff2
e4210347a3d738093686d2d605c45b0dd0c7441acc3da8094cea25943c8fd40f	4484	fonts/google/google-noto-sans-sc/k3kCo84MPvpLmixcA63oeAL7Iqp5IZJF9bmaG9_FrYVHbczS.woff2
2a75408e073f2d7e03e14c24f25fb093571b73a030f2f483ae256d6975e930d0	13304	fonts/google/google-noto-sans-sc/k3kCo84MPvpLmixcA63oeAL7Iqp5IZJF9bmaG9_FrYtHbQ.woff2
004d7ecf92e1b92410dc48f6810be7b9aacff0ad44ecc2fbebb09978adf428b7	5068	fonts/google/google-noto-sans-tc/-nFuOG829Oofr2wohFbTp9ifNAn722rq0MXz76Cy_C8mrWSt1KeqzFVoizG-KdWhyhvKuGOf8EUcrq3YKp7nxxk.0.woff2
28d48e2d413b037c586277a276520c341c431a680636238dbd8aed29245ee139	33504	fonts/google/google-noto-sans-tc/-nFuOG829Oofr2wohFbTp9ifNAn722rq0MXz76Cy_C8mrWSt1KeqzFVoizG-KdWhyhvKuGOf8EUcrq3YKp7nxxk.100.woff2
39df362df1123fc466ee83484a535e29657b470f907fc073c1aa0bb53415ad9e	33228	fonts/google/google-noto-sans-tc/-nFuOG829Oofr2wohFbTp9ifNAn722rq0MXz76Cy_C8mrWSt1KeqzFVoizG-KdWhyhvKuGOf8EUcrq3YKp7nxxk.101.woff2
3ba3fc49278152ab76e53bdad43429cc779905d5479d21f3a378df76feb62dd1	33488	fonts/google/google-noto-sans-tc/-nFuOG829Oofr2wohFbTp9ifNAn722rq0MXz76Cy_C8mrWSt1KeqzFVoizG-KdWhyhvKuGOf8EUcrq3YKp7nxxk.102.woff2
059415922cbb5ac227fe8e69cf817fad0eccbef9bdbdfbb728000dc1d03b9078	37204	fonts/google/google-noto-sans-tc/-nFuOG829Oofr2wohFbTp9ifNAn722rq0MXz76Cy_C8mrWSt1KeqzFVoizG-KdWhyhvKuGOf8EUcrq3YKp7nxxk.103.woff2
6c3b13a3500abbe20709c9303004dd99dd250cdcb3d9991c6f805bfe6d56a860	36524	fonts/google/google-noto-sans-tc/-nFuOG829Oofr2wohFbTp9ifNAn722rq0MXz76Cy_C8mrWSt1KeqzFVoizG-KdWhyhvKuGOf8EUcrq3YKp7nxxk.104.woff2
55e419676c8121718cd9ff42e67278953247f977ceee76dba8092946759d876b	36136	fonts/google/google-noto-sans-tc/-nFuOG829Oofr2wohFbTp9ifNAn722rq0MXz76Cy_C8mrWSt1KeqzFVoizG-KdWhyhvKuGOf8EUcrq3YKp7nxxk.105.woff2
b355b943f5224ab268cf61034ff63f3c5715aa79662266abc90bb551394c92a1	38428	fonts/google/google-noto-sans-tc/-nFuOG829Oofr2wohFbTp9ifNAn722rq0MXz76Cy_C8mrWSt1KeqzFVoizG-KdWhyhvKuGOf8EUcrq3YKp7nxxk.106.woff2
5e6f395653c0e9374ce75b567f081df94c1e97d806229e8c4693f20d28055c9e	38804	fonts/google/google-noto-sans-tc/-nFuOG829Oofr2wohFbTp9ifNAn722rq0MXz76Cy_C8mrWSt1KeqzFVoizG-KdWhyhvKuGOf8EUcrq3YKp7nxxk.107.woff2
a1a6e04ca3eded034a8afbaeb5a03dde5a81aba47e9d089d19d032f8727b1b76	38412	fonts/google/google-noto-sans-tc/-nFuOG829Oofr2wohFbTp9ifNAn722rq0MXz76Cy_C8mrWSt1KeqzFVoizG-KdWhyhvKuGOf8EUcrq3YKp7nxxk.108.woff2
7fba30c03c725106c8394c59527914dd9abb3cc6e01434f8d393d3717ce75fb5	38156	fonts/google/google-noto-sans-tc/-nFuOG829Oofr2wohFbTp9ifNAn722rq0MXz76Cy_C8mrWSt1KeqzFVoizG-KdWhyhvKuGOf8EUcrq3YKp7nxxk.109.woff2
5290dc1421a90bd67b05bb9c5b6cfc32487c29ff5b6e07ed8d6738f5b15305ea	41988	fonts/google/google-noto-sans-tc/-nFuOG829Oofr2wohFbTp9ifNAn722rq0MXz76Cy_C8mrWSt1KeqzFVoizG-KdWhyhvKuGOf8EUcrq3YKp7nxxk.110.woff2
23368b22eb27e9e843a104398067623d651c8d3b9d39a16e2318a8272056ea36	39672	fonts/google/google-noto-sans-tc/-nFuOG829Oofr2wohFbTp9ifNAn722rq0MXz76Cy_C8mrWSt1KeqzFVoizG-KdWhyhvKuGOf8EUcrq3YKp7nxxk.111.woff2
e5e99d2289fd8f3448908e6f0389b69fb099155f7c94b4a669b5ec1bc8da843b	38888	fonts/google/google-noto-sans-tc/-nFuOG829Oofr2wohFbTp9ifNAn722rq0MXz76Cy_C8mrWSt1KeqzFVoizG-KdWhyhvKuGOf8EUcrq3YKp7nxxk.112.woff2
85feb0640040898664b4266f55331c4ac0849680ddff7703dc41adede9ec378a	37968	fonts/google/google-noto-sans-tc/-nFuOG829Oofr2wohFbTp9ifNAn722rq0MXz76Cy_C8mrWSt1KeqzFVoizG-KdWhyhvKuGOf8EUcrq3YKp7nxxk.113.woff2
2faa37161471cea3ec1eedc7f72b94a7fa02222d54a415a22307cb09656989de	45692	fonts/google/google-noto-sans-tc/-nFuOG829Oofr2wohFbTp9ifNAn722rq0MXz76Cy_C8mrWSt1KeqzFVoizG-KdWhyhvKuGOf8EUcrq3YKp7nxxk.114.woff2
8097ea5b449d430a7280a24dc1c5c26433a6bfc6165c3ee5592dc0ba4f9fe9c1	39248	fonts/google/google-noto-sans-tc/-nFuOG829Oofr2wohFbTp9ifNAn722rq0MXz76Cy_C8mrWSt1KeqzFVoizG-KdWhyhvKuGOf8EUcrq3YKp7nxxk.115.woff2
8db7fdc78ac4a6b028c7195fd20bc52037e6c3f496b411d9c7428b1e38ce631c	37976	fonts/google/google-noto-sans-tc/-nFuOG829Oofr2wohFbTp9ifNAn722rq0MXz76Cy_C8mrWSt1KeqzFVoizG-KdWhyhvKuGOf8EUcrq3YKp7nxxk.116.woff2
0cc6a0a5869461de3be6b4387c7af2da954b84cc7e490922aaa1adffc565641c	34732	fonts/google/google-noto-sans-tc/-nFuOG829Oofr2wohFbTp9ifNAn722rq0MXz76Cy_C8mrWSt1KeqzFVoizG-KdWhyhvKuGOf8EUcrq3YKp7nxxk.117.woff2
018b8a77584a9ae6fb7f7ab5bcd1f6d16250da474db42f72c73309882f245812	32076	fonts/google/google-noto-sans-tc/-nFuOG829Oofr2wohFbTp9ifNAn722rq0MXz76Cy_C8mrWSt1KeqzFVoizG-KdWhyhvKuGOf8EUcrq3YKp7nxxk.118.woff2
16cef3a51d29d30d7d7a2ba508df37342595532418dcdf546d243333aba03d32	18608	fonts/google/google-noto-sans-tc/-nFuOG829Oofr2wohFbTp9ifNAn722rq0MXz76Cy_C8mrWSt1KeqzFVoizG-KdWhyhvKuGOf8EUcrq3YKp7nxxk.119.woff2
0bb4db68e2c64d93343455685b36e9b9e4acf66974e83afb7060c211f6a8971a	15656	fonts/google/google-noto-sans-tc/-nFuOG829Oofr2wohFbTp9ifNAn722rq0MXz76Cy_C8mrWSt1KeqzFVoizG-KdWhyhvKuGOf8EUcrq3YKp7nxxk.19.woff2
dcaa22adc59281b195b03efcecfa47b548880b298e7515e489416dff54ff6d94	28216	fonts/google/google-noto-sans-tc/-nFuOG829Oofr2wohFbTp9ifNAn722rq0MXz76Cy_C8mrWSt1KeqzFVoizG-KdWhyhvKuGOf8EUcrq3YKp7nxxk.20.woff2
a3dd9a4f3ef83ea2dcd18de11c50121b16a831832606985d45ab290265a741eb	23724	fonts/google/google-noto-sans-tc/-nFuOG829Oofr2wohFbTp9ifNAn722rq0MXz76Cy_C8mrWSt1KeqzFVoizG-KdWhyhvKuGOf8EUcrq3YKp7nxxk.21.woff2
949598e9e531c4d6a3eae70fc3fb741b728c7671e967ad05d6fd2e72890cefe8	23108	fonts/google/google-noto-sans-tc/-nFuOG829Oofr2wohFbTp9ifNAn722rq0MXz76Cy_C8mrWSt1KeqzFVoizG-KdWhyhvKuGOf8EUcrq3YKp7nxxk.22.woff2
01eb2950073d27d65d40ccb7e0d5f0964c90da68d799594f9a46775b940821f9	21644	fonts/google/google-noto-sans-tc/-nFuOG829Oofr2wohFbTp9ifNAn722rq0MXz76Cy_C8mrWSt1KeqzFVoizG-KdWhyhvKuGOf8EUcrq3YKp7nxxk.23.woff2
18322585a896c0347cd7d6b860a036afc8356620e68f4b2fc6ab28ad0c21641c	20176	fonts/google/google-noto-sans-tc/-nFuOG829Oofr2wohFbTp9ifNAn722rq0MXz76Cy_C8mrWSt1KeqzFVoizG-KdWhyhvKuGOf8EUcrq3YKp7nxxk.24.woff2
86f74a8751fb75cd399c2b76078ffe1949e44c023016df2c1dfbeb9998d85639	23436	fonts/google/google-noto-sans-tc/-nFuOG829Oofr2wohFbTp9ifNAn722rq0MXz76Cy_C8mrWSt1KeqzFVoizG-KdWhyhvKuGOf8EUcrq3YKp7nxxk.25.woff2
cc7e2b00168d67a9354f71f558e00a6a59cdc96bdf13c43b371cf375db32cf35	12452	fonts/google/google-noto-sans-tc/-nFuOG829Oofr2wohFbTp9ifNAn722rq0MXz76Cy_C8mrWSt1KeqzFVoizG-KdWhyhvKuGOf8EUcrq3YKp7nxxk.26.woff2
0e330f23ee102e737c08b538581fe5c2a9298e7e04b59af96a3db9df6561719d	14456	fonts/google/google-noto-sans-tc/-nFuOG829Oofr2wohFbTp9ifNAn722rq0MXz76Cy_C8mrWSt1KeqzFVoizG-KdWhyhvKuGOf8EUcrq3YKp7nxxk.27.woff2
2f9a2b24c9139b3840dfeb9edd3fa7410a56bf4c0354f414cc175d03fb111601	27812	fonts/google/google-noto-sans-tc/-nFuOG829Oofr2wohFbTp9ifNAn722rq0MXz76Cy_C8mrWSt1KeqzFVoizG-KdWhyhvKuGOf8EUcrq3YKp7nxxk.28.woff2
b4f06ead4730534fdcc4ccff19f14cfdc6b0f9b3cf8314b1a0f9d9a6cf70bd17	23688	fonts/google/google-noto-sans-tc/-nFuOG829Oofr2wohFbTp9ifNAn722rq0MXz76Cy_C8mrWSt1KeqzFVoizG-KdWhyhvKuGOf8EUcrq3YKp7nxxk.29.woff2
613d5f571cd9a0fe7ababfcd1ef6bb4005d9e4cf360489651498f112612fbb18	23308	fonts/google/google-noto-sans-tc/-nFuOG829Oofr2wohFbTp9ifNAn722rq0MXz76Cy_C8mrWSt1KeqzFVoizG-KdWhyhvKuGOf8EUcrq3YKp7nxxk.30.woff2
964680a82778af9bca9a6249410120643ab4f6516c7330f959c6e1bf0ecaf585	18956	fonts/google/google-noto-sans-tc/-nFuOG829Oofr2wohFbTp9ifNAn722rq0MXz76Cy_C8mrWSt1KeqzFVoizG-KdWhyhvKuGOf8EUcrq3YKp7nxxk.31.woff2
db4ab54e80d4e0bbe3e8f608c6b293b566d47ede2095a02de929c73898b0de4d	23692	fonts/google/google-noto-sans-tc/-nFuOG829Oofr2wohFbTp9ifNAn722rq0MXz76Cy_C8mrWSt1KeqzFVoizG-KdWhyhvKuGOf8EUcrq3YKp7nxxk.32.woff2
31c2ac4da017bf0a3f75044dfad7441f55110f8ec4eb3bc36bb94f716bb000e9	16556	fonts/google/google-noto-sans-tc/-nFuOG829Oofr2wohFbTp9ifNAn722rq0MXz76Cy_C8mrWSt1KeqzFVoizG-KdWhyhvKuGOf8EUcrq3YKp7nxxk.33.woff2
aeaadc049a05b3aeffb0fedd10310ba27eece09eac2ef182e003df1598a0e05b	11492	fonts/google/google-noto-sans-tc/-nFuOG829Oofr2wohFbTp9ifNAn722rq0MXz76Cy_C8mrWSt1KeqzFVoizG-KdWhyhvKuGOf8EUcrq3YKp7nxxk.34.woff2
0efadfe82e9d00afbad1819d026dca1a3ea1154d216a715836df6ea7d9fd356e	22480	fonts/google/google-noto-sans-tc/-nFuOG829Oofr2wohFbTp9ifNAn722rq0MXz76Cy_C8mrWSt1KeqzFVoizG-KdWhyhvKuGOf8EUcrq3YKp7nxxk.35.woff2
8b1b43233b45a5434a0f0e598f25b94e1be9d711b6f3e2b3df7bb65224415a5e	26084	fonts/google/google-noto-sans-tc/-nFuOG829Oofr2wohFbTp9ifNAn722rq0MXz76Cy_C8mrWSt1KeqzFVoizG-KdWhyhvKuGOf8EUcrq3YKp7nxxk.36.woff2
7fc0ae98f24002fe88b764e6456c3a1696a74e636e8a946ab75564125be9b588	27128	fonts/google/google-noto-sans-tc/-nFuOG829Oofr2wohFbTp9ifNAn722rq0MXz76Cy_C8mrWSt1KeqzFVoizG-KdWhyhvKuGOf8EUcrq3YKp7nxxk.37.woff2
4d78031aa22c94a8a7b839ca540d7e57d474300d2e28d4e48f32207a95f8e902	23520	fonts/google/google-noto-sans-tc/-nFuOG829Oofr2wohFbTp9ifNAn722rq0MXz76Cy_C8mrWSt1KeqzFVoizG-KdWhyhvKuGOf8EUcrq3YKp7nxxk.38.woff2
3e12c1214774a54a8c8c274abfd4978fa29e4f088ae1b41ac36ad9260f787484	26740	fonts/google/google-noto-sans-tc/-nFuOG829Oofr2wohFbTp9ifNAn722rq0MXz76Cy_C8mrWSt1KeqzFVoizG-KdWhyhvKuGOf8EUcrq3YKp7nxxk.39.woff2
bae4db8abfda4a51d079fa72c33ec93eeb407b39d2d186da849a2696f6ae1014	21084	fonts/google/google-noto-sans-tc/-nFuOG829Oofr2wohFbTp9ifNAn722rq0MXz76Cy_C8mrWSt1KeqzFVoizG-KdWhyhvKuGOf8EUcrq3YKp7nxxk.40.woff2
be08294f292c90806d0629770b6fe88d9ab3b6ab269ed5e38f1acf82902f8492	15828	fonts/google/google-noto-sans-tc/-nFuOG829Oofr2wohFbTp9ifNAn722rq0MXz76Cy_C8mrWSt1KeqzFVoizG-KdWhyhvKuGOf8EUcrq3YKp7nxxk.41.woff2
80492ee2b8870f072c2d397f0cf1b349d6fb83c4e94f790969b858d7bc7c874e	23500	fonts/google/google-noto-sans-tc/-nFuOG829Oofr2wohFbTp9ifNAn722rq0MXz76Cy_C8mrWSt1KeqzFVoizG-KdWhyhvKuGOf8EUcrq3YKp7nxxk.42.woff2
25e248aadc2a92dbb9624ded8b427c75bb4680d5532033310e5cb136c17629d1	21464	fonts/google/google-noto-sans-tc/-nFuOG829Oofr2wohFbTp9ifNAn722rq0MXz76Cy_C8mrWSt1KeqzFVoizG-KdWhyhvKuGOf8EUcrq3YKp7nxxk.43.woff2
8e1ca4360811040c0ff2af8f46e3ed1b4da34f3bfa7ed0d842f4f10403d8b11c	11508	fonts/google/google-noto-sans-tc/-nFuOG829Oofr2wohFbTp9ifNAn722rq0MXz76Cy_C8mrWSt1KeqzFVoizG-KdWhyhvKuGOf8EUcrq3YKp7nxxk.44.woff2
22552ae2ea9da8736e1a6c0900859eee9198e99c3c764d30482e1966c6cc18c2	31232	fonts/google/google-noto-sans-tc/-nFuOG829Oofr2wohFbTp9ifNAn722rq0MXz76Cy_C8mrWSt1KeqzFVoizG-KdWhyhvKuGOf8EUcrq3YKp7nxxk.45.woff2
bd48acce3e19c6d4cb50c0e32f997c9ff96b906d33d8d2b0e2f3a6b0aefa2781	29880	fonts/google/google-noto-sans-tc/-nFuOG829Oofr2wohFbTp9ifNAn722rq0MXz76Cy_C8mrWSt1KeqzFVoizG-KdWhyhvKuGOf8EUcrq3YKp7nxxk.46.woff2
e9bd6eda3df189381b36656e05bd7fa8f580cfa141548283752b71433f250fea	22376	fonts/google/google-noto-sans-tc/-nFuOG829Oofr2wohFbTp9ifNAn722rq0MXz76Cy_C8mrWSt1KeqzFVoizG-KdWhyhvKuGOf8EUcrq3YKp7nxxk.47.woff2
9eab34e8248168c8b01ae9bef75a4756e1ad0c5f2b5c7dfe948b89d0b2170de2	22916	fonts/google/google-noto-sans-tc/-nFuOG829Oofr2wohFbTp9ifNAn722rq0MXz76Cy_C8mrWSt1KeqzFVoizG-KdWhyhvKuGOf8EUcrq3YKp7nxxk.48.woff2
2299d8898b074faf1ee6c308a338e28e9aead6babefc1aea2f803b2c4c9c56ab	21860	fonts/google/google-noto-sans-tc/-nFuOG829Oofr2wohFbTp9ifNAn722rq0MXz76Cy_C8mrWSt1KeqzFVoizG-KdWhyhvKuGOf8EUcrq3YKp7nxxk.49.woff2
ab6f0c0d682b363623da788597c7f9df41d5c27124d720683f45dbd0c2a2ac63	19488	fonts/google/google-noto-sans-tc/-nFuOG829Oofr2wohFbTp9ifNAn722rq0MXz76Cy_C8mrWSt1KeqzFVoizG-KdWhyhvKuGOf8EUcrq3YKp7nxxk.50.woff2
bb544502d16cd02c7a0c64588ebe433dcba9d4ca5486f07c3e53d027bff3d4bd	23348	fonts/google/google-noto-sans-tc/-nFuOG829Oofr2wohFbTp9ifNAn722rq0MXz76Cy_C8mrWSt1KeqzFVoizG-KdWhyhvKuGOf8EUcrq3YKp7nxxk.51.woff2
62ec09279d4f56dba2b591091040916433330acab860b31aa89eff4f938a610e	22900	fonts/google/google-noto-sans-tc/-nFuOG829Oofr2wohFbTp9ifNAn722rq0MXz76Cy_C8mrWSt1KeqzFVoizG-KdWhyhvKuGOf8EUcrq3YKp7nxxk.52.woff2
dc42c4b0cd28e0c30de52e2b9a6b096f05db63c178d919e892137b5f0e00e07a	21608	fonts/google/google-noto-sans-tc/-nFuOG829Oofr2wohFbTp9ifNAn722rq0MXz76Cy_C8mrWSt1KeqzFVoizG-KdWhyhvKuGOf8EUcrq3YKp7nxxk.53.woff2
fda874d492b8735eb17d175dd62ec077c563fc4ba0ec9bba600bcb8958ac5e3d	22848	fonts/google/google-noto-sans-tc/-nFuOG829Oofr2wohFbTp9ifNAn722rq0MXz76Cy_C8mrWSt1KeqzFVoizG-KdWhyhvKuGOf8EUcrq3YKp7nxxk.54.woff2
43f0d3b3e9139f2b6c0d28131d9adbd2d2f61b39a45961900ee8bf3da9110fc1	25612	fonts/google/google-noto-sans-tc/-nFuOG829Oofr2wohFbTp9ifNAn722rq0MXz76Cy_C8mrWSt1KeqzFVoizG-KdWhyhvKuGOf8EUcrq3YKp7nxxk.55.woff2
a58d4ff752e5ee6c3f40d5c59246ffd16ad63cef35fc42a8f25d2710bdfac52e	26636	fonts/google/google-noto-sans-tc/-nFuOG829Oofr2wohFbTp9ifNAn722rq0MXz76Cy_C8mrWSt1KeqzFVoizG-KdWhyhvKuGOf8EUcrq3YKp7nxxk.56.woff2
21e4298857fb2d8009689fd07cd4cb1f85e2c6c0de46692582b2a732c4f0e8de	27168	fonts/google/google-noto-sans-tc/-nFuOG829Oofr2wohFbTp9ifNAn722rq0MXz76Cy_C8mrWSt1KeqzFVoizG-KdWhyhvKuGOf8EUcrq3YKp7nxxk.57.woff2
2479b16cf3d8b6523dcd536bd9f9dc30bf731fc09043f49469729564045b9850	22676	fonts/google/google-noto-sans-tc/-nFuOG829Oofr2wohFbTp9ifNAn722rq0MXz76Cy_C8mrWSt1KeqzFVoizG-KdWhyhvKuGOf8EUcrq3YKp7nxxk.58.woff2
2f5c674466a0fff57f5e134c23aac8082c6411cf159659e2d1adad6743c84ffc	17560	fonts/google/google-noto-sans-tc/-nFuOG829Oofr2wohFbTp9ifNAn722rq0MXz76Cy_C8mrWSt1KeqzFVoizG-KdWhyhvKuGOf8EUcrq3YKp7nxxk.59.woff2
b7529fef413ff0556c8a3d3adbb8b53a56c18a030d7d5a97bbbc76566960cb21	8416	fonts/google/google-noto-sans-tc/-nFuOG829Oofr2wohFbTp9ifNAn722rq0MXz76Cy_C8mrWSt1KeqzFVoizG-KdWhyhvKuGOf8EUcrq3YKp7nxxk.6.woff2
c65412bfb35020b969b07bbb01988f506ab5d3e1822776e8ee8b89242ff564f8	20008	fonts/google/google-noto-sans-tc/-nFuOG829Oofr2wohFbTp9ifNAn722rq0MXz76Cy_C8mrWSt1KeqzFVoizG-KdWhyhvKuGOf8EUcrq3YKp7nxxk.60.woff2
f26db6b53be6c66fe2244b048f9b5df1b9df4be9d7f5f1b8112403b6416c63e2	28484	fonts/google/google-noto-sans-tc/-nFuOG829Oofr2wohFbTp9ifNAn722rq0MXz76Cy_C8mrWSt1KeqzFVoizG-KdWhyhvKuGOf8EUcrq3YKp7nxxk.61.woff2
c45d2a3e205d0a0aaff21aee8242331c1bf8c298b6c531412be85b36c4aa03f2	23968	fonts/google/google-noto-sans-tc/-nFuOG829Oofr2wohFbTp9ifNAn722rq0MXz76Cy_C8mrWSt1KeqzFVoizG-KdWhyhvKuGOf8EUcrq3YKp7nxxk.62.woff2
3aff5fb8b0907164c37db7ed6524b7d923b50b21f62bf0239d4561deaadd2744	20344	fonts/google/google-noto-sans-tc/-nFuOG829Oofr2wohFbTp9ifNAn722rq0MXz76Cy_C8mrWSt1KeqzFVoizG-KdWhyhvKuGOf8EUcrq3YKp7nxxk.63.woff2
97adb8421210cbbeddb23dbe04ea7b78a08dec7d9dc9e34413ef96c0d237fa64	17708	fonts/google/google-noto-sans-tc/-nFuOG829Oofr2wohFbTp9ifNAn722rq0MXz76Cy_C8mrWSt1KeqzFVoizG-KdWhyhvKuGOf8EUcrq3YKp7nxxk.64.woff2
3a6480f1f74859c7790514f9eed4bf368a088435ef9779aec93daf53a96122d2	18960	fonts/google/google-noto-sans-tc/-nFuOG829Oofr2wohFbTp9ifNAn722rq0MXz76Cy_C8mrWSt1KeqzFVoizG-KdWhyhvKuGOf8EUcrq3YKp7nxxk.65.woff2
5e7a60223da7bec81cc3c7314a4b7467e060e84a289d81f244bb8a81eb1a3bf5	26036	fonts/google/google-noto-sans-tc/-nFuOG829Oofr2wohFbTp9ifNAn722rq0MXz76Cy_C8mrWSt1KeqzFVoizG-KdWhyhvKuGOf8EUcrq3YKp7nxxk.66.woff2
e3332b26dfb320ef305c6c18f409f3fb8e11e993eedf6ab8893cb04204797522	18448	fonts/google/google-noto-sans-tc/-nFuOG829Oofr2wohFbTp9ifNAn722rq0MXz76Cy_C8mrWSt1KeqzFVoizG-KdWhyhvKuGOf8EUcrq3YKp7nxxk.67.woff2
b808cb53d32eda3811af4b0390a9313969164833b76743c477e7bf17f5576f87	18892	fonts/google/google-noto-sans-tc/-nFuOG829Oofr2wohFbTp9ifNAn722rq0MXz76Cy_C8mrWSt1KeqzFVoizG-KdWhyhvKuGOf8EUcrq3YKp7nxxk.68.woff2
06c81cf7d1b67d11a3b1dbb9ed136edf82fa59dc9d3ee0108acedb5255a9c984	24132	fonts/google/google-noto-sans-tc/-nFuOG829Oofr2wohFbTp9ifNAn722rq0MXz76Cy_C8mrWSt1KeqzFVoizG-KdWhyhvKuGOf8EUcrq3YKp7nxxk.69.woff2
ef196fddec9285273482556ecb3b0dd1c3bfe216cd9f2cc72bf1ef54e1eed03a	7932	fonts/google/google-noto-sans-tc/-nFuOG829Oofr2wohFbTp9ifNAn722rq0MXz76Cy_C8mrWSt1KeqzFVoizG-KdWhyhvKuGOf8EUcrq3YKp7nxxk.7.woff2
0e8793056eda3dadb2fd1c431ed7d756ef9b01bc92490dce1b7109758403dc71	16628	fonts/google/google-noto-sans-tc/-nFuOG829Oofr2wohFbTp9ifNAn722rq0MXz76Cy_C8mrWSt1KeqzFVoizG-KdWhyhvKuGOf8EUcrq3YKp7nxxk.70.woff2
816de735c20424bce2bd9429cc0c232b7ffe18b8143131f1b250b57b98796aa1	19976	fonts/google/google-noto-sans-tc/-nFuOG829Oofr2wohFbTp9ifNAn722rq0MXz76Cy_C8mrWSt1KeqzFVoizG-KdWhyhvKuGOf8EUcrq3YKp7nxxk.71.woff2
b1d26c1629c0fe8b1dae0fef941d22402a5ddc0d1240a5f602e2e179b9f738c5	20244	fonts/google/google-noto-sans-tc/-nFuOG829Oofr2wohFbTp9ifNAn722rq0MXz76Cy_C8mrWSt1KeqzFVoizG-KdWhyhvKuGOf8EUcrq3YKp7nxxk.72.woff2
0883f3ab51ebdff20b216be033f60c99756d7106b4ef47e94e871f5161f42e8b	14668	fonts/google/google-noto-sans-tc/-nFuOG829Oofr2wohFbTp9ifNAn722rq0MXz76Cy_C8mrWSt1KeqzFVoizG-KdWhyhvKuGOf8EUcrq3YKp7nxxk.73.woff2
43024d538add90cc64e700e1469eceb29dc8753c540ad51b0b6ac3afd3e147fa	27576	fonts/google/google-noto-sans-tc/-nFuOG829Oofr2wohFbTp9ifNAn722rq0MXz76Cy_C8mrWSt1KeqzFVoizG-KdWhyhvKuGOf8EUcrq3YKp7nxxk.74.woff2
956bc50e4083209fc1b30dcb9664e74720511299492e5deca341b01e6d9da324	19820	fonts/google/google-noto-sans-tc/-nFuOG829Oofr2wohFbTp9ifNAn722rq0MXz76Cy_C8mrWSt1KeqzFVoizG-KdWhyhvKuGOf8EUcrq3YKp7nxxk.75.woff2
e11a6fb26941e41dc47b7963524ed7dc7bbbf75c1ab8fdbb31240096a1b172f2	21108	fonts/google/google-noto-sans-tc/-nFuOG829Oofr2wohFbTp9ifNAn722rq0MXz76Cy_C8mrWSt1KeqzFVoizG-KdWhyhvKuGOf8EUcrq3YKp7nxxk.76.woff2
80d570ac5b36fe3253eb1994fc23d9ebc8a3a6668bfc7dfd859109ae535cfd66	18248	fonts/google/google-noto-sans-tc/-nFuOG829Oofr2wohFbTp9ifNAn722rq0MXz76Cy_C8mrWSt1KeqzFVoizG-KdWhyhvKuGOf8EUcrq3YKp7nxxk.77.woff2
41af2c358a834c364cdcb189a3b0b68c6e651814bb109cff04c619b59d3b08ed	22016	fonts/google/google-noto-sans-tc/-nFuOG829Oofr2wohFbTp9ifNAn722rq0MXz76Cy_C8mrWSt1KeqzFVoizG-KdWhyhvKuGOf8EUcrq3YKp7nxxk.78.woff2
f97a59a4911738245621571d070b05668b5f73b5faea2761c8abfbc3153e8179	15048	fonts/google/google-noto-sans-tc/-nFuOG829Oofr2wohFbTp9ifNAn722rq0MXz76Cy_C8mrWSt1KeqzFVoizG-KdWhyhvKuGOf8EUcrq3YKp7nxxk.79.woff2
0d7f9f13fea6de6ce2156546a689fc7ff7b7d9c6ab37c2c57ab71b8f9c61158c	5368	fonts/google/google-noto-sans-tc/-nFuOG829Oofr2wohFbTp9ifNAn722rq0MXz76Cy_C8mrWSt1KeqzFVoizG-KdWhyhvKuGOf8EUcrq3YKp7nxxk.8.woff2
2bb9363f1590c1ae4a613b39883721bdc3869439e58ecc0da113e33c96aff9fb	14520	fonts/google/google-noto-sans-tc/-nFuOG829Oofr2wohFbTp9ifNAn722rq0MXz76Cy_C8mrWSt1KeqzFVoizG-KdWhyhvKuGOf8EUcrq3YKp7nxxk.80.woff2
3ea3095124c2955a61cbd727111dff56ceb5d3747e24709e31f3741ef4de16c3	16656	fonts/google/google-noto-sans-tc/-nFuOG829Oofr2wohFbTp9ifNAn722rq0MXz76Cy_C8mrWSt1KeqzFVoizG-KdWhyhvKuGOf8EUcrq3YKp7nxxk.81.woff2
150e13caae3182f1d3d26f3e3d9b65780b61eb73e8c8540b793201810d34985b	22896	fonts/google/google-noto-sans-tc/-nFuOG829Oofr2wohFbTp9ifNAn722rq0MXz76Cy_C8mrWSt1KeqzFVoizG-KdWhyhvKuGOf8EUcrq3YKp7nxxk.82.woff2
5e01b87477b9d67cf90596a4bf4a14547efc0ab7eea14848b76a6a03be29db75	15944	fonts/google/google-noto-sans-tc/-nFuOG829Oofr2wohFbTp9ifNAn722rq0MXz76Cy_C8mrWSt1KeqzFVoizG-KdWhyhvKuGOf8EUcrq3YKp7nxxk.83.woff2
e91ff58ce4512b57bdf5a47cea246a9634e842b7cb1ed9c96edf447139be3ed7	10308	fonts/google/google-noto-sans-tc/-nFuOG829Oofr2wohFbTp9ifNAn722rq0MXz76Cy_C8mrWSt1KeqzFVoizG-KdWhyhvKuGOf8EUcrq3YKp7nxxk.84.woff2
60a445466d80d163b0c32543b45acf57c513e286f719da3794706c17bba6ae10	19760	fonts/google/google-noto-sans-tc/-nFuOG829Oofr2wohFbTp9ifNAn722rq0MXz76Cy_C8mrWSt1KeqzFVoizG-KdWhyhvKuGOf8EUcrq3YKp7nxxk.85.woff2
24a9cd16ad7bf6fe802760ebc17097ae10770fa61bfa60cffc1278a7823fe24f	7244	fonts/google/google-noto-sans-tc/-nFuOG829Oofr2wohFbTp9ifNAn722rq0MXz76Cy_C8mrWSt1KeqzFVoizG-KdWhyhvKuGOf8EUcrq3YKp7nxxk.86.woff2
a58472bca0e3ac13fb4f9648fbca07d74799fddeaa3882e50bf81a71383e4346	4012	fonts/google/google-noto-sans-tc/-nFuOG829Oofr2wohFbTp9ifNAn722rq0MXz76Cy_C8mrWSt1KeqzFVoizG-KdWhyhvKuGOf8EUcrq3YKp7nxxk.87.woff2
867a088bd27875668ef5d9e88ebaa14ffff082b6e52ddac2876b19c508e7ed8d	6264	fonts/google/google-noto-sans-tc/-nFuOG829Oofr2wohFbTp9ifNAn722rq0MXz76Cy_C8mrWSt1KeqzFVoizG-KdWhyhvKuGOf8EUcrq3YKp7nxxk.88.woff2
6cdf05ca342280cdf4841485823260a8d0657b8ab177d60e18aa1da9be7f6dfd	5976	fonts/google/google-noto-sans-tc/-nFuOG829Oofr2wohFbTp9ifNAn722rq0MXz76Cy_C8mrWSt1KeqzFVoizG-KdWhyhvKuGOf8EUcrq3YKp7nxxk.89.woff2
54141472a6c1a201e967b135fa02076e01f69b63d892b8d27a010348c869a06d	5280	fonts/google/google-noto-sans-tc/-nFuOG829Oofr2wohFbTp9ifNAn722rq0MXz76Cy_C8mrWSt1KeqzFVoizG-KdWhyhvKuGOf8EUcrq3YKp7nxxk.90.woff2
7ae33b41050fd60a6bcbdb6a786c5697587f47ee676dd8e1831fff6da9448ead	4868	fonts/google/google-noto-sans-tc/-nFuOG829Oofr2wohFbTp9ifNAn722rq0MXz76Cy_C8mrWSt1KeqzFVoizG-KdWhyhvKuGOf8EUcrq3YKp7nxxk.91.woff2
d0d3adb6d4eeb449ac9dca0a2c05790cd34d1df8d9df034ed406ec553d58944c	2132	fonts/google/google-noto-sans-tc/-nFuOG829Oofr2wohFbTp9ifNAn722rq0MXz76Cy_C8mrWSt1KeqzFVoizG-KdWhyhvKuGOf8EUcrq3YKp7nxxk.92.woff2
90bd541283571ed25dd1d26dd1e5963033d33f85987f392cde6a5f82044e4571	1168	fonts/google/google-noto-sans-tc/-nFuOG829Oofr2wohFbTp9ifNAn722rq0MXz76Cy_C8mrWSt1KeqzFVoizG-KdWhyhvKuGOf8EUcrq3YKp7nxxk.97.woff2
2f0350e5dce2e2d2da6986ae7dfa6df13a320b25752357a059bad1489b11da19	1900	fonts/google/google-noto-sans-tc/-nFuOG829Oofr2wohFbTp9ifNAn722rq0MXz76Cy_C8mrWSt1KeqzFVoizG-KdWhyhvKuGOf8EUcrq3YKp7nxxk.98.woff2
6e11f50cd2f729029bd54cdaf2956199f50d1ea9bf19e979af23ee15a74660ca	4800	fonts/google/google-noto-sans-tc/-nFuOG829Oofr2wohFbTp9ifNAn722rq0MXz76Cy_C8mrWSt1KeqzFVoizG-KdWhyhvKuGOf8EUcrq3YKp7nxxk.99.woff2
30c452b21b3d120ea5337960964ffede356e9bce27c5f7420f0872812d7399fd	13268	fonts/google/google-noto-sans-tc/-nFuOG829Oofr2wohFbTp9ifNAn722rq0MXz76CyzC1Etw.woff2
f3a762a6d3a9bd3153f23b6e465846d2672e3e169e65ae76302b19bb7d287372	4692	fonts/google/google-noto-sans-tc/-nFuOG829Oofr2wohFbTp9ifNAn722rq0MXz76CyzCJEt1a3.woff2
4ed8c563f98d537b4bf6c60d63fbe10bc6ab544540524191881dc8a014afcb1d	4448	fonts/google/google-noto-sans-tc/-nFuOG829Oofr2wohFbTp9ifNAn722rq0MXz76CyzCNEt1a3.woff2
bce29e84f42e0df50ad50b96577edbedf5c4c9da484e32bdaec01e108671da48	5304	fonts/google/google-noto-sans-tc/-nFuOG829Oofr2wohFbTp9ifNAn722rq0MXz76CyzClEt1a3.woff2
ff6d9a53e368c9cb7ef501c7c71bcbc00349c7eb0d7fad0d1ca806f8faa26c7e	5724	fonts/google/google-noto-serif-sc/H4cyBXePl9DZ0Xe7gG9cyOj7uK2-n-D2rd4FY7SCqxWm-Y_RdA.woff2
992ce1137e064f4ba4384533d84f0a07af2b7ed72e447f632be14cea07c63436	5956	fonts/google/google-noto-serif-sc/H4cyBXePl9DZ0Xe7gG9cyOj7uK2-n-D2rd4FY7SCqxWn-Y_RdA.woff2
af0c95a3e897cfab6a319a789f203dc64b8f81574f8113c7d46240db68c8ff8f	18540	fonts/google/google-noto-serif-sc/H4cyBXePl9DZ0Xe7gG9cyOj7uK2-n-D2rd4FY7SCqxWo-Y8.woff2
22c78938835f757b4b1d2a99cde0fc731c206d5681eb98dd5199bfd600cd9fff	8040	fonts/google/google-noto-serif-sc/H4cyBXePl9DZ0Xe7gG9cyOj7uK2-n-D2rd4FY7SCqxWs-Y_RdA.woff2
5209f425a967af6bd798702015dce9ffecc6d46817385ecd8c4cd5796db02de0	44744	fonts/google/google-noto-serif-sc/H4cyBXePl9DZ0Xe7gG9cyOj7uK2-n-D2rd4FY7SCqyWqm5Tjb17qLDam6T2isIOpAN0AzDc6KDF2jLlrDm0HbsE.100.woff2
fb801f29c9aaacdf009804efe33ce3124f68e7fe4317452c66fa09f0ccd917df	41148	fonts/google/google-noto-serif-sc/H4cyBXePl9DZ0Xe7gG9cyOj7uK2-n-D2rd4FY7SCqyWqm5Tjb17qLDam6T2isIOpAN0AzDc6KDF2jLlrDm0HbsE.101.woff2
e07bb10e282b122ac725d75cdbdc482f89680cdce71ad773083413f667c42b3b	42164	fonts/google/google-noto-serif-sc/H4cyBXePl9DZ0Xe7gG9cyOj7uK2-n-D2rd4FY7SCqyWqm5Tjb17qLDam6T2isIOpAN0AzDc6KDF2jLlrDm0HbsE.102.woff2
155371bb76e3093a5872ac26fa1b094490d6e707609c703880c9ce5e85372858	44436	fonts/google/google-noto-serif-sc/H4cyBXePl9DZ0Xe7gG9cyOj7uK2-n-D2rd4FY7SCqyWqm5Tjb17qLDam6T2isIOpAN0AzDc6KDF2jLlrDm0HbsE.103.woff2
b7c1d975242591387cebb09a4b96f799270d14430122ae849378b939a465d67c	42608	fonts/google/google-noto-serif-sc/H4cyBXePl9DZ0Xe7gG9cyOj7uK2-n-D2rd4FY7SCqyWqm5Tjb17qLDam6T2isIOpAN0AzDc6KDF2jLlrDm0HbsE.104.woff2
b05da70aec9bf352fb77b3a07e5477c95587eb836a720943460a49d8fffc84d2	42780	fonts/google/google-noto-serif-sc/H4cyBXePl9DZ0Xe7gG9cyOj7uK2-n-D2rd4FY7SCqyWqm5Tjb17qLDam6T2isIOpAN0AzDc6KDF2jLlrDm0HbsE.105.woff2
d422930c709712dd04b9b96bd17c256d38cc87baf2834cf11e73805d396517d4	43140	fonts/google/google-noto-serif-sc/H4cyBXePl9DZ0Xe7gG9cyOj7uK2-n-D2rd4FY7SCqyWqm5Tjb17qLDam6T2isIOpAN0AzDc6KDF2jLlrDm0HbsE.106.woff2
03dcbdce956242b7442533a0b4846c2fac6d93a11253bdb05ce0397a927fbbdb	41796	fonts/google/google-noto-serif-sc/H4cyBXePl9DZ0Xe7gG9cyOj7uK2-n-D2rd4FY7SCqyWqm5Tjb17qLDam6T2isIOpAN0AzDc6KDF2jLlrDm0HbsE.107.woff2
a9d450627989c9e65347e9ea95146034f15d168b74285e84e8a23d256c3ef28c	43852	fonts/google/google-noto-serif-sc/H4cyBXePl9DZ0Xe7gG9cyOj7uK2-n-D2rd4FY7SCqyWqm5Tjb17qLDam6T2isIOpAN0AzDc6KDF2jLlrDm0HbsE.108.woff2
e16a579d7e3f6ce1bf4244544955cc9960cd2f12f359b279303e68b9f94108f3	41808	fonts/google/google-noto-serif-sc/H4cyBXePl9DZ0Xe7gG9cyOj7uK2-n-D2rd4FY7SCqyWqm5Tjb17qLDam6T2isIOpAN0AzDc6KDF2jLlrDm0HbsE.109.woff2
cd4f2bb208b10081fac6d57cb1bc470faa60b3914f1f6ffa56840bc72709e8ce	41872	fonts/google/google-noto-serif-sc/H4cyBXePl9DZ0Xe7gG9cyOj7uK2-n-D2rd4FY7SCqyWqm5Tjb17qLDam6T2isIOpAN0AzDc6KDF2jLlrDm0HbsE.110.woff2
781006ca8d5463354fb6fde2b118875a6da699b1796ce22be3abc003777b6b71	42724	fonts/google/google-noto-serif-sc/H4cyBXePl9DZ0Xe7gG9cyOj7uK2-n-D2rd4FY7SCqyWqm5Tjb17qLDam6T2isIOpAN0AzDc6KDF2jLlrDm0HbsE.111.woff2
8b2392a29608a069b9636467ec19a0aed362671d8a4f3dd403b5dd13926cbc2a	39948	fonts/google/google-noto-serif-sc/H4cyBXePl9DZ0Xe7gG9cyOj7uK2-n-D2rd4FY7SCqyWqm5Tjb17qLDam6T2isIOpAN0AzDc6KDF2jLlrDm0HbsE.112.woff2
a39469f99e4d3b6e269ff700d8b2edc0bea839d0c46cf43d0c1a1c8a71ad8dc7	39828	fonts/google/google-noto-serif-sc/H4cyBXePl9DZ0Xe7gG9cyOj7uK2-n-D2rd4FY7SCqyWqm5Tjb17qLDam6T2isIOpAN0AzDc6KDF2jLlrDm0HbsE.113.woff2
70c38bdf292733a2167b8091110fc650442b9888cece984552ec6c90775b0e22	39360	fonts/google/google-noto-serif-sc/H4cyBXePl9DZ0Xe7gG9cyOj7uK2-n-D2rd4FY7SCqyWqm5Tjb17qLDam6T2isIOpAN0AzDc6KDF2jLlrDm0HbsE.114.woff2
748c49190e86b707a177ae62ee0de98f0dbbe53f4e72347f09e530d3df50eaf8	38144	fonts/google/google-noto-serif-sc/H4cyBXePl9DZ0Xe7gG9cyOj7uK2-n-D2rd4FY7SCqyWqm5Tjb17qLDam6T2isIOpAN0AzDc6KDF2jLlrDm0HbsE.115.woff2
e4e121ebf09a9d498d52965c0b85e404426fdfc94cbf633f2a51f65df3b0be6c	35444	fonts/google/google-noto-serif-sc/H4cyBXePl9DZ0Xe7gG9cyOj7uK2-n-D2rd4FY7SCqyWqm5Tjb17qLDam6T2isIOpAN0AzDc6KDF2jLlrDm0HbsE.116.woff2
f59d441e134db8751d4438ed90daebae7488c1b514037f738cbf5c0068c5af55	35088	fonts/google/google-noto-serif-sc/H4cyBXePl9DZ0Xe7gG9cyOj7uK2-n-D2rd4FY7SCqyWqm5Tjb17qLDam6T2isIOpAN0AzDc6KDF2jLlrDm0HbsE.117.woff2
4c4cd6ef1dbb4d83c22b0b63664c73f1420c3457c625a5757fc3e591b127bac4	30640	fonts/google/google-noto-serif-sc/H4cyBXePl9DZ0Xe7gG9cyOj7uK2-n-D2rd4FY7SCqyWqm5Tjb17qLDam6T2isIOpAN0AzDc6KDF2jLlrDm0HbsE.118.woff2
7d438466bfc51d35d4a7a0076c428dee5fc5de927f3534456994d46848306077	53688	fonts/google/google-noto-serif-sc/H4cyBXePl9DZ0Xe7gG9cyOj7uK2-n-D2rd4FY7SCqyWqm5Tjb17qLDam6T2isIOpAN0AzDc6KDF2jLlrDm0HbsE.119.woff2
198318a26fef917346dd6ed4c78da03f1c5760a04ca865b70f414183890ebba0	13968	fonts/google/google-noto-serif-sc/H4cyBXePl9DZ0Xe7gG9cyOj7uK2-n-D2rd4FY7SCqyWqm5Tjb17qLDam6T2isIOpAN0AzDc6KDF2jLlrDm0HbsE.21.woff2
68cf19eb70c5a1cad04ba1eb7b89231843e12aab918963c898b7e744e87e726f	44632	fonts/google/google-noto-serif-sc/H4cyBXePl9DZ0Xe7gG9cyOj7uK2-n-D2rd4FY7SCqyWqm5Tjb17qLDam6T2isIOpAN0AzDc6KDF2jLlrDm0HbsE.22.woff2
31deec0c69ec5cb783a3a7746bc03e4cb9fec134303cb5a02170ad1eb65cbd4c	39092	fonts/google/google-noto-serif-sc/H4cyBXePl9DZ0Xe7gG9cyOj7uK2-n-D2rd4FY7SCqyWqm5Tjb17qLDam6T2isIOpAN0AzDc6KDF2jLlrDm0HbsE.23.woff2
74edac9ceae09ba64ec6c5029a45a768dcfa40a4b6cce51c8b0418150b18c384	43748	fonts/google/google-noto-serif-sc/H4cyBXePl9DZ0Xe7gG9cyOj7uK2-n-D2rd4FY7SCqyWqm5Tjb17qLDam6T2isIOpAN0AzDc6KDF2jLlrDm0HbsE.24.woff2
20b2e93a5303c61e6b0e44dfa042f994d82c3ad07f516cf597ed9dcd7beec66e	41088	fonts/google/google-noto-serif-sc/H4cyBXePl9DZ0Xe7gG9cyOj7uK2-n-D2rd4FY7SCqyWqm5Tjb17qLDam6T2isIOpAN0AzDc6KDF2jLlrDm0HbsE.25.woff2
ee1c7471882eaf5709ad479d849bcc70eef214803732bdfb8dd56fd502e132dd	37516	fonts/google/google-noto-serif-sc/H4cyBXePl9DZ0Xe7gG9cyOj7uK2-n-D2rd4FY7SCqyWqm5Tjb17qLDam6T2isIOpAN0AzDc6KDF2jLlrDm0HbsE.26.woff2
04a269894c40bda831579d523c916d592937a71c81be01cc5334368c7b5d5bca	34048	fonts/google/google-noto-serif-sc/H4cyBXePl9DZ0Xe7gG9cyOj7uK2-n-D2rd4FY7SCqyWqm5Tjb17qLDam6T2isIOpAN0AzDc6KDF2jLlrDm0HbsE.27.woff2
6d6246c6fd7a03e5eee9ccbbae5a0bf67ff9624535575e2a34a7bb1d10b3d862	35520	fonts/google/google-noto-serif-sc/H4cyBXePl9DZ0Xe7gG9cyOj7uK2-n-D2rd4FY7SCqyWqm5Tjb17qLDam6T2isIOpAN0AzDc6KDF2jLlrDm0HbsE.28.woff2
2b99bfe3ebbbee489e29e6e7261bd43911b4fef73f567c40fb046726d6e1fba5	38108	fonts/google/google-noto-serif-sc/H4cyBXePl9DZ0Xe7gG9cyOj7uK2-n-D2rd4FY7SCqyWqm5Tjb17qLDam6T2isIOpAN0AzDc6KDF2jLlrDm0HbsE.29.woff2
d64a121cdd32be0a6e82bec5a9c918893ea9537f07a8bb2f10e6a6654bb2f598	40412	fonts/google/google-noto-serif-sc/H4cyBXePl9DZ0Xe7gG9cyOj7uK2-n-D2rd4FY7SCqyWqm5Tjb17qLDam6T2isIOpAN0AzDc6KDF2jLlrDm0HbsE.30.woff2
a888b15fb48d49247cfbaee526993f75b6c118573b4a1664560f34998940274c	33856	fonts/google/google-noto-serif-sc/H4cyBXePl9DZ0Xe7gG9cyOj7uK2-n-D2rd4FY7SCqyWqm5Tjb17qLDam6T2isIOpAN0AzDc6KDF2jLlrDm0HbsE.31.woff2
286168fa3f8c3ff0393f7be781beedb78d319703458e84233d490b91427cb064	35632	fonts/google/google-noto-serif-sc/H4cyBXePl9DZ0Xe7gG9cyOj7uK2-n-D2rd4FY7SCqyWqm5Tjb17qLDam6T2isIOpAN0AzDc6KDF2jLlrDm0HbsE.32.woff2
668cb1a991576f49da8bb311efb227e888752b05d4a5983d39fab70b5e056d6f	34764	fonts/google/google-noto-serif-sc/H4cyBXePl9DZ0Xe7gG9cyOj7uK2-n-D2rd4FY7SCqyWqm5Tjb17qLDam6T2isIOpAN0AzDc6KDF2jLlrDm0HbsE.33.woff2
66c35dc76153487b017608264634ea093981271548c59aaa394772ed08c81e73	33960	fonts/google/google-noto-serif-sc/H4cyBXePl9DZ0Xe7gG9cyOj7uK2-n-D2rd4FY7SCqyWqm5Tjb17qLDam6T2isIOpAN0AzDc6KDF2jLlrDm0HbsE.34.woff2
550c508b2da2f686ad407094fc61abb8ca4955579a2a651296e4687df991eebd	33388	fonts/google/google-noto-serif-sc/H4cyBXePl9DZ0Xe7gG9cyOj7uK2-n-D2rd4FY7SCqyWqm5Tjb17qLDam6T2isIOpAN0AzDc6KDF2jLlrDm0HbsE.35.woff2
e3e327821de43568afbf311b9a52234c28e34a5eac2969d7bde522704dd11ce7	30716	fonts/google/google-noto-serif-sc/H4cyBXePl9DZ0Xe7gG9cyOj7uK2-n-D2rd4FY7SCqyWqm5Tjb17qLDam6T2isIOpAN0AzDc6KDF2jLlrDm0HbsE.36.woff2
53b49f61dc76d9ec3e302fc4d2e64f1cdf81ec61902f7216e58d68f348972973	35708	fonts/google/google-noto-serif-sc/H4cyBXePl9DZ0Xe7gG9cyOj7uK2-n-D2rd4FY7SCqyWqm5Tjb17qLDam6T2isIOpAN0AzDc6KDF2jLlrDm0HbsE.37.woff2
0ed19348b9acc0d78251a9358dfcd406f1e68d86ed3d3080dcf2352042e37131	39684	fonts/google/google-noto-serif-sc/H4cyBXePl9DZ0Xe7gG9cyOj7uK2-n-D2rd4FY7SCqyWqm5Tjb17qLDam6T2isIOpAN0AzDc6KDF2jLlrDm0HbsE.38.woff2
27e6d1a3e8135ddcd1bcac7dd2de96fb40a43efc38d84e414b802e2bafcb66a2	37824	fonts/google/google-noto-serif-sc/H4cyBXePl9DZ0Xe7gG9cyOj7uK2-n-D2rd4FY7SCqyWqm5Tjb17qLDam6T2isIOpAN0AzDc6KDF2jLlrDm0HbsE.39.woff2
70b69aa90209f7390276e8dfdf3a8ef8ba20a7845be107ebf0aa988a13e1c6ca	2760	fonts/google/google-noto-serif-sc/H4cyBXePl9DZ0Xe7gG9cyOj7uK2-n-D2rd4FY7SCqyWqm5Tjb17qLDam6T2isIOpAN0AzDc6KDF2jLlrDm0HbsE.4.woff2
1b5b7e6eba0a7a95f142349a9a214f55c30b025183a5ddc64e364ac6e5472b1e	34364	fonts/google/google-noto-serif-sc/H4cyBXePl9DZ0Xe7gG9cyOj7uK2-n-D2rd4FY7SCqyWqm5Tjb17qLDam6T2isIOpAN0AzDc6KDF2jLlrDm0HbsE.40.woff2
f97119290ab53f15ddcf931c20f89ac822787b59fcbde8439bca09ff9ba77405	26576	fonts/google/google-noto-serif-sc/H4cyBXePl9DZ0Xe7gG9cyOj7uK2-n-D2rd4FY7SCqyWqm5Tjb17qLDam6T2isIOpAN0AzDc6KDF2jLlrDm0HbsE.41.woff2
cb42250607c16ac6644ad2bfcb783c3355ede2fd3834cc2d5cd9c2e343d2ce6d	33116	fonts/google/google-noto-serif-sc/H4cyBXePl9DZ0Xe7gG9cyOj7uK2-n-D2rd4FY7SCqyWqm5Tjb17qLDam6T2isIOpAN0AzDc6KDF2jLlrDm0HbsE.42.woff2
b5b61d6a1157229150ff66d1d2997ff72d0e6722e92e05ba7b3ebe716b36a2da	30832	fonts/google/google-noto-serif-sc/H4cyBXePl9DZ0Xe7gG9cyOj7uK2-n-D2rd4FY7SCqyWqm5Tjb17qLDam6T2isIOpAN0AzDc6KDF2jLlrDm0HbsE.43.woff2
c79ebadffcbc63731481f32fb59c3690e776cd0dea07bc3bc920c9f58573f6ea	37972	fonts/google/google-noto-serif-sc/H4cyBXePl9DZ0Xe7gG9cyOj7uK2-n-D2rd4FY7SCqyWqm5Tjb17qLDam6T2isIOpAN0AzDc6KDF2jLlrDm0HbsE.44.woff2
674be02327f6b5489cbe5d5cc9c8fddba0604b359523d25d3cc6c98d11742a28	47976	fonts/google/google-noto-serif-sc/H4cyBXePl9DZ0Xe7gG9cyOj7uK2-n-D2rd4FY7SCqyWqm5Tjb17qLDam6T2isIOpAN0AzDc6KDF2jLlrDm0HbsE.45.woff2
0931bf8ea722d78f80595729507547f67e4b45344ef8b21381c20cdcd32be2bf	40772	fonts/google/google-noto-serif-sc/H4cyBXePl9DZ0Xe7gG9cyOj7uK2-n-D2rd4FY7SCqyWqm5Tjb17qLDam6T2isIOpAN0AzDc6KDF2jLlrDm0HbsE.46.woff2
32e1b98d5994e97170930a6f8b833715ea3965dd2a1415fcd6046e96c7055433	38900	fonts/google/google-noto-serif-sc/H4cyBXePl9DZ0Xe7gG9cyOj7uK2-n-D2rd4FY7SCqyWqm5Tjb17qLDam6T2isIOpAN0AzDc6KDF2jLlrDm0HbsE.47.woff2
087d91daec02168b3fbfc2d4cbd9dcf9e7b6edf262c2e58abc12ceee4da9253a	33700	fonts/google/google-noto-serif-sc/H4cyBXePl9DZ0Xe7gG9cyOj7uK2-n-D2rd4FY7SCqyWqm5Tjb17qLDam6T2isIOpAN0AzDc6KDF2jLlrDm0HbsE.48.woff2
85ac5231f9a586452eeb6b5b23198e547dcc18fc6903755d7ff87a2af5bdc7ef	37080	fonts/google/google-noto-serif-sc/H4cyBXePl9DZ0Xe7gG9cyOj7uK2-n-D2rd4FY7SCqyWqm5Tjb17qLDam6T2isIOpAN0AzDc6KDF2jLlrDm0HbsE.49.woff2
2aadb8d018f6b5fed489dd9c9ee9c34dee849807504988b806c28122928a78e4	14840	fonts/google/google-noto-serif-sc/H4cyBXePl9DZ0Xe7gG9cyOj7uK2-n-D2rd4FY7SCqyWqm5Tjb17qLDam6T2isIOpAN0AzDc6KDF2jLlrDm0HbsE.5.woff2
a914664a32e633cb38770d83feb472e90e4ace016ccafb0634f3e4f9ded0d6ec	33908	fonts/google/google-noto-serif-sc/H4cyBXePl9DZ0Xe7gG9cyOj7uK2-n-D2rd4FY7SCqyWqm5Tjb17qLDam6T2isIOpAN0AzDc6KDF2jLlrDm0HbsE.50.woff2
dadb6d424a9bd9264082a0fcb522cd1b92b74126f6508d125a549c6a52a2f306	30040	fonts/google/google-noto-serif-sc/H4cyBXePl9DZ0Xe7gG9cyOj7uK2-n-D2rd4FY7SCqyWqm5Tjb17qLDam6T2isIOpAN0AzDc6KDF2jLlrDm0HbsE.51.woff2
8fbd3b1114a2d94c6166d85dc093f43487def661be2fdc369c4207d1ad681344	35772	fonts/google/google-noto-serif-sc/H4cyBXePl9DZ0Xe7gG9cyOj7uK2-n-D2rd4FY7SCqyWqm5Tjb17qLDam6T2isIOpAN0AzDc6KDF2jLlrDm0HbsE.52.woff2
d02835c0c38db449e5bdc5d02e3cdee9a98c5a83668db45ea4c3ceedeb26ad98	28512	fonts/google/google-noto-serif-sc/H4cyBXePl9DZ0Xe7gG9cyOj7uK2-n-D2rd4FY7SCqyWqm5Tjb17qLDam6T2isIOpAN0AzDc6KDF2jLlrDm0HbsE.53.woff2
60e16a0fc5c4b5b056334b1217802a9e06d2a56cd37a1b75ac9ed72c63246e8f	36656	fonts/google/google-noto-serif-sc/H4cyBXePl9DZ0Xe7gG9cyOj7uK2-n-D2rd4FY7SCqyWqm5Tjb17qLDam6T2isIOpAN0AzDc6KDF2jLlrDm0HbsE.54.woff2
9335e5aa92ad3ef8b200e7816cc4a09848be9ead6178319db16c22cd3d63da02	32452	fonts/google/google-noto-serif-sc/H4cyBXePl9DZ0Xe7gG9cyOj7uK2-n-D2rd4FY7SCqyWqm5Tjb17qLDam6T2isIOpAN0AzDc6KDF2jLlrDm0HbsE.55.woff2
32064b13723da0ce323148eabc3aead3cd3123d41cb6f020f08c0d818a0d6a5c	37056	fonts/google/google-noto-serif-sc/H4cyBXePl9DZ0Xe7gG9cyOj7uK2-n-D2rd4FY7SCqyWqm5Tjb17qLDam6T2isIOpAN0AzDc6KDF2jLlrDm0HbsE.56.woff2
c719a170320a936006435ef3b866396ccb3240f095e6192cd1a9676a45364913	39076	fonts/google/google-noto-serif-sc/H4cyBXePl9DZ0Xe7gG9cyOj7uK2-n-D2rd4FY7SCqyWqm5Tjb17qLDam6T2isIOpAN0AzDc6KDF2jLlrDm0HbsE.57.woff2
7db027f41d886ba883186df4149118bf2bd67d209fa20e6b35cead28ec00b2ef	43316	fonts/google/google-noto-serif-sc/H4cyBXePl9DZ0Xe7gG9cyOj7uK2-n-D2rd4FY7SCqyWqm5Tjb17qLDam6T2isIOpAN0AzDc6KDF2jLlrDm0HbsE.58.woff2
0a274c73d62090bcd19ce602b70333b65a2949ffff0fb58a9c0764c28b14eea6	36416	fonts/google/google-noto-serif-sc/H4cyBXePl9DZ0Xe7gG9cyOj7uK2-n-D2rd4FY7SCqyWqm5Tjb17qLDam6T2isIOpAN0AzDc6KDF2jLlrDm0HbsE.59.woff2
7fab1516bb96d2bfd65f2d67eadb3ba14fe745232f613ea7e7afe7d713556dbf	8900	fonts/google/google-noto-serif-sc/H4cyBXePl9DZ0Xe7gG9cyOj7uK2-n-D2rd4FY7SCqyWqm5Tjb17qLDam6T2isIOpAN0AzDc6KDF2jLlrDm0HbsE.6.woff2
c4d16a9a50ff199e3fb1f724e4de1554d988125d5b9f82e2141cd96d8a099009	31860	fonts/google/google-noto-serif-sc/H4cyBXePl9DZ0Xe7gG9cyOj7uK2-n-D2rd4FY7SCqyWqm5Tjb17qLDam6T2isIOpAN0AzDc6KDF2jLlrDm0HbsE.60.woff2
bc969adb767ff5c0da99b82efc653ea11200cfec96a7acd21202ad780c24ffdb	32148	fonts/google/google-noto-serif-sc/H4cyBXePl9DZ0Xe7gG9cyOj7uK2-n-D2rd4FY7SCqyWqm5Tjb17qLDam6T2isIOpAN0AzDc6KDF2jLlrDm0HbsE.61.woff2
1d36caa852ee220398f9a65ad101a67b24fcc7a113146a0d1db6aa0b1d5d7313	41948	fonts/google/google-noto-serif-sc/H4cyBXePl9DZ0Xe7gG9cyOj7uK2-n-D2rd4FY7SCqyWqm5Tjb17qLDam6T2isIOpAN0AzDc6KDF2jLlrDm0HbsE.62.woff2
7dbf09a682a4e05cc0de4c5fe93a79d3bdc6053147f29a21f295da532e5e26e5	33804	fonts/google/google-noto-serif-sc/H4cyBXePl9DZ0Xe7gG9cyOj7uK2-n-D2rd4FY7SCqyWqm5Tjb17qLDam6T2isIOpAN0AzDc6KDF2jLlrDm0HbsE.63.woff2
1bd4082ecf77eca7a90b0d8f2bed3757ea13268fb0fc693d6b46653aec202e72	27052	fonts/google/google-noto-serif-sc/H4cyBXePl9DZ0Xe7gG9cyOj7uK2-n-D2rd4FY7SCqyWqm5Tjb17qLDam6T2isIOpAN0AzDc6KDF2jLlrDm0HbsE.64.woff2
8c63cc77c1d220108f47708b6806eddb56da5fddc877d2e8f8bed9f592e82719	30352	fonts/google/google-noto-serif-sc/H4cyBXePl9DZ0Xe7gG9cyOj7uK2-n-D2rd4FY7SCqyWqm5Tjb17qLDam6T2isIOpAN0AzDc6KDF2jLlrDm0HbsE.65.woff2
c4afcce8095fbb98cdfee097ffaeacd4f5bf6692d4b655ff3fc82651a8199937	36504	fonts/google/google-noto-serif-sc/H4cyBXePl9DZ0Xe7gG9cyOj7uK2-n-D2rd4FY7SCqyWqm5Tjb17qLDam6T2isIOpAN0AzDc6KDF2jLlrDm0HbsE.66.woff2
4984939cfbdf151cde1a5108c294d310e749def5d91af0f3b1b3495eb963a5fa	37656	fonts/google/google-noto-serif-sc/H4cyBXePl9DZ0Xe7gG9cyOj7uK2-n-D2rd4FY7SCqyWqm5Tjb17qLDam6T2isIOpAN0AzDc6KDF2jLlrDm0HbsE.67.woff2
28302b1b4d060e430cf017b32df943740cdfb5a9bc34e4e7f9998db0f5aeb051	28556	fonts/google/google-noto-serif-sc/H4cyBXePl9DZ0Xe7gG9cyOj7uK2-n-D2rd4FY7SCqyWqm5Tjb17qLDam6T2isIOpAN0AzDc6KDF2jLlrDm0HbsE.68.woff2
d4be17011f92b819855d0fc092230c0eb13baad1be4bd17d9b6bd9b0ee8ebd6b	38460	fonts/google/google-noto-serif-sc/H4cyBXePl9DZ0Xe7gG9cyOj7uK2-n-D2rd4FY7SCqyWqm5Tjb17qLDam6T2isIOpAN0AzDc6KDF2jLlrDm0HbsE.69.woff2
c257f9abfc8b90cae12396c85fdb0bd69f3feb09ab1935faab7bbc67e4b89512	27820	fonts/google/google-noto-serif-sc/H4cyBXePl9DZ0Xe7gG9cyOj7uK2-n-D2rd4FY7SCqyWqm5Tjb17qLDam6T2isIOpAN0AzDc6KDF2jLlrDm0HbsE.70.woff2
99b09b56badaabbd842d58a0b48905b2b62eb8dc91514081264247c1eebaf102	33128	fonts/google/google-noto-serif-sc/H4cyBXePl9DZ0Xe7gG9cyOj7uK2-n-D2rd4FY7SCqyWqm5Tjb17qLDam6T2isIOpAN0AzDc6KDF2jLlrDm0HbsE.71.woff2
ce64b49d6f171ff84ab32e47a8846dd08c2492fd51ee1f4a010f86e5cd07ef2e	34460	fonts/google/google-noto-serif-sc/H4cyBXePl9DZ0Xe7gG9cyOj7uK2-n-D2rd4FY7SCqyWqm5Tjb17qLDam6T2isIOpAN0AzDc6KDF2jLlrDm0HbsE.72.woff2
4f7bc6b6b51b96c5d7107a4b1476e4d6136ff0b019a0adf5c028eec37d3175b7	29204	fonts/google/google-noto-serif-sc/H4cyBXePl9DZ0Xe7gG9cyOj7uK2-n-D2rd4FY7SCqyWqm5Tjb17qLDam6T2isIOpAN0AzDc6KDF2jLlrDm0HbsE.73.woff2
7b8dd20a7927cc71bee8cfea0555909a93172423e62b18c84b3dcf9dd173d34b	39460	fonts/google/google-noto-serif-sc/H4cyBXePl9DZ0Xe7gG9cyOj7uK2-n-D2rd4FY7SCqyWqm5Tjb17qLDam6T2isIOpAN0AzDc6KDF2jLlrDm0HbsE.74.woff2
cd9fa7f2609359dd37475cf265ea8d0e2faa146aff777d0068290e9747ef3017	30712	fonts/google/google-noto-serif-sc/H4cyBXePl9DZ0Xe7gG9cyOj7uK2-n-D2rd4FY7SCqyWqm5Tjb17qLDam6T2isIOpAN0AzDc6KDF2jLlrDm0HbsE.75.woff2
9513ffe226cad7bee226ef503eeb32733443530882cd9dbd628fcc54ab066533	34612	fonts/google/google-noto-serif-sc/H4cyBXePl9DZ0Xe7gG9cyOj7uK2-n-D2rd4FY7SCqyWqm5Tjb17qLDam6T2isIOpAN0AzDc6KDF2jLlrDm0HbsE.76.woff2
9d298d19de6fa484d53e9fc566a784320d3a34b9dac7f96e60a8e7afd97f28dc	27224	fonts/google/google-noto-serif-sc/H4cyBXePl9DZ0Xe7gG9cyOj7uK2-n-D2rd4FY7SCqyWqm5Tjb17qLDam6T2isIOpAN0AzDc6KDF2jLlrDm0HbsE.77.woff2
f1b0994f0406bf6f01cd31ea312cbf2f7e114e224053f6040a57a3720066bbce	37096	fonts/google/google-noto-serif-sc/H4cyBXePl9DZ0Xe7gG9cyOj7uK2-n-D2rd4FY7SCqyWqm5Tjb17qLDam6T2isIOpAN0AzDc6KDF2jLlrDm0HbsE.78.woff2
f08743b215770a2dc231e056d0128b8a5b607985e2aabbeb76a19a8d0df455ad	30736	fonts/google/google-noto-serif-sc/H4cyBXePl9DZ0Xe7gG9cyOj7uK2-n-D2rd4FY7SCqyWqm5Tjb17qLDam6T2isIOpAN0AzDc6KDF2jLlrDm0HbsE.79.woff2
032133d339d581d98340adf3ee80873501ce838abfc0ad9b8d2e87d90cf2f273	23408	fonts/google/google-noto-serif-sc/H4cyBXePl9DZ0Xe7gG9cyOj7uK2-n-D2rd4FY7SCqyWqm5Tjb17qLDam6T2isIOpAN0AzDc6KDF2jLlrDm0HbsE.80.woff2
72b8d3706a36345da7281d52b8e1402646541a2a873059443a825e6ac21fe0c9	31920	fonts/google/google-noto-serif-sc/H4cyBXePl9DZ0Xe7gG9cyOj7uK2-n-D2rd4FY7SCqyWqm5Tjb17qLDam6T2isIOpAN0AzDc6KDF2jLlrDm0HbsE.81.woff2
f2fd134835797badf5edb26ff2513507cf67827b0503b53493c4a07a3543acb1	32600	fonts/google/google-noto-serif-sc/H4cyBXePl9DZ0Xe7gG9cyOj7uK2-n-D2rd4FY7SCqyWqm5Tjb17qLDam6T2isIOpAN0AzDc6KDF2jLlrDm0HbsE.82.woff2
4e65935907a097807dcbc71ab80d0ac87ece0c60e09437c85e79546cc0e3c966	30896	fonts/google/google-noto-serif-sc/H4cyBXePl9DZ0Xe7gG9cyOj7uK2-n-D2rd4FY7SCqyWqm5Tjb17qLDam6T2isIOpAN0AzDc6KDF2jLlrDm0HbsE.83.woff2
1402df11d4b72efc3d38950afb081a291f789972c6b50a61ac5e58f880b71a44	22548	fonts/google/google-noto-serif-sc/H4cyBXePl9DZ0Xe7gG9cyOj7uK2-n-D2rd4FY7SCqyWqm5Tjb17qLDam6T2isIOpAN0AzDc6KDF2jLlrDm0HbsE.84.woff2
5f82871e558477f3b479dad534993f2bc5b41aa99cf8bb867a2bbe7ccc3b5569	21816	fonts/google/google-noto-serif-sc/H4cyBXePl9DZ0Xe7gG9cyOj7uK2-n-D2rd4FY7SCqyWqm5Tjb17qLDam6T2isIOpAN0AzDc6KDF2jLlrDm0HbsE.85.woff2
7fb9b4a84d1f9cfbee518496d70c9623218791a07f95ac2a1d4980b46232fc1c	25056	fonts/google/google-noto-serif-sc/H4cyBXePl9DZ0Xe7gG9cyOj7uK2-n-D2rd4FY7SCqyWqm5Tjb17qLDam6T2isIOpAN0AzDc6KDF2jLlrDm0HbsE.86.woff2
038988b9ce055fe20e1fb309fa28e21dd1667460940f492349f3aa3ff4ae37a0	5460	fonts/google/google-noto-serif-sc/H4cyBXePl9DZ0Xe7gG9cyOj7uK2-n-D2rd4FY7SCqyWqm5Tjb17qLDam6T2isIOpAN0AzDc6KDF2jLlrDm0HbsE.87.woff2
2b9a72a0157f70b1e4b257d0aa13d701597c6ea375063fd3d07f24e4c37673b8	6152	fonts/google/google-noto-serif-sc/H4cyBXePl9DZ0Xe7gG9cyOj7uK2-n-D2rd4FY7SCqyWqm5Tjb17qLDam6T2isIOpAN0AzDc6KDF2jLlrDm0HbsE.88.woff2
5bd78eaa1e1a17f42075daf692695bb13f9f246b56283ac1933d79d1f4a5b80f	6992	fonts/google/google-noto-serif-sc/H4cyBXePl9DZ0Xe7gG9cyOj7uK2-n-D2rd4FY7SCqyWqm5Tjb17qLDam6T2isIOpAN0AzDc6KDF2jLlrDm0HbsE.89.woff2
092b908aedd7b6519bde9089c1ac420741875099f8289c0f82d546f8324592e9	5952	fonts/google/google-noto-serif-sc/H4cyBXePl9DZ0Xe7gG9cyOj7uK2-n-D2rd4FY7SCqyWqm5Tjb17qLDam6T2isIOpAN0AzDc6KDF2jLlrDm0HbsE.90.woff2
b143c83177a86fd18baa9eb9565803a8853406a0d52144d88a0e88ebd632a620	5880	fonts/google/google-noto-serif-sc/H4cyBXePl9DZ0Xe7gG9cyOj7uK2-n-D2rd4FY7SCqyWqm5Tjb17qLDam6T2isIOpAN0AzDc6KDF2jLlrDm0HbsE.91.woff2
7dff162a55902117310b7b2938d2754df36a2b718499ce7e30bbd73448835680	1528	fonts/google/google-noto-serif-sc/H4cyBXePl9DZ0Xe7gG9cyOj7uK2-n-D2rd4FY7SCqyWqm5Tjb17qLDam6T2isIOpAN0AzDc6KDF2jLlrDm0HbsE.97.woff2
7cee9b36e6eceafdf0ac327e8d6b2825b581033460a4c5bfa964f2a2ca23811b	2516	fonts/google/google-noto-serif-sc/H4cyBXePl9DZ0Xe7gG9cyOj7uK2-n-D2rd4FY7SCqyWqm5Tjb17qLDam6T2isIOpAN0AzDc6KDF2jLlrDm0HbsE.98.woff2
648e7d3f5a03ba9f9b49804e474220dd155d31e1b2b5b3ee7bd4772717cf3bcf	6920	fonts/google/google-noto-serif-sc/H4cyBXePl9DZ0Xe7gG9cyOj7uK2-n-D2rd4FY7SCqyWqm5Tjb17qLDam6T2isIOpAN0AzDc6KDF2jLlrDm0HbsE.99.woff2
24f68fede2b21eb4126e78f356648b064889d9ef26b4342b5feabb4178568018	8008	fonts/google/google-noto-serif-tc/XLYzIZb5bJNDGYxLBibeHZ0BnHwmuanx8cUaGX9aMNpAM2c8rw.woff2
2884bff3136a31acbb65c80f14a5a332676afefbce07628b927b95b14b7f5e08	18628	fonts/google/google-noto-serif-tc/XLYzIZb5bJNDGYxLBibeHZ0BnHwmuanx8cUaGX9aMNpEM2c.woff2
af98e21ea5ad61e55accbdd236fa7e51073a81097b10a3b0e179c5a2f2582fa4	5728	fonts/google/google-noto-serif-tc/XLYzIZb5bJNDGYxLBibeHZ0BnHwmuanx8cUaGX9aMNpKM2c8rw.woff2
8569f71a3a0d93e371a2f1589a8a017f73d8d6961343dcd9a72e73c417478aaa	5960	fonts/google/google-noto-serif-tc/XLYzIZb5bJNDGYxLBibeHZ0BnHwmuanx8cUaGX9aMNpLM2c8rw.woff2
accf167aa6ed89b8b710ff8c1227c7a21e513f1febb9bfac50af2bc044250b9f	17152	fonts/google/google-noto-serif-tc/XLYzIZb5bJNDGYxLBibeHZ0BnHwmuanx8cUaGX9aMOpGUX0OtQ__6wAz38iTx4hXFby9Bs3q2e57ciWURAY9WpIx.0.woff2
71cba6e97e63d40ae8e2ff1eed458635b9f19ff21f1b9eb990e8fdc5e4710778	30916	fonts/google/google-noto-serif-tc/XLYzIZb5bJNDGYxLBibeHZ0BnHwmuanx8cUaGX9aMOpGUX0OtQ__6wAz38iTx4hXFby9Bs3q2e57ciWURAY9WpIx.1.woff2
4e4db0b9b712462ccc07b32808dd8a9d07c469ff355c6e30753d6f5d65defa1f	11588	fonts/google/google-noto-serif-tc/XLYzIZb5bJNDGYxLBibeHZ0BnHwmuanx8cUaGX9aMOpGUX0OtQ__6wAz38iTx4hXFby9Bs3q2e57ciWURAY9WpIx.10.woff2
3f8f033e12221ba6220a116bb5276bee9000e22d2d5684e33fe2b192d8d50711	1156	fonts/google/google-noto-serif-tc/XLYzIZb5bJNDGYxLBibeHZ0BnHwmuanx8cUaGX9aMOpGUX0OtQ__6wAz38iTx4hXFby9Bs3q2e57ciWURAY9WpIx.101.woff2
17e541bef23618cb9dce702582bb56022f6d93a7434fe685a55439ada05a915c	1856	fonts/google/google-noto-serif-tc/XLYzIZb5bJNDGYxLBibeHZ0BnHwmuanx8cUaGX9aMOpGUX0OtQ__6wAz38iTx4hXFby9Bs3q2e57ciWURAY9WpIx.102.woff2
79ea5bea4bc3cf2f5abe6368c7496163643caf6aedea241f5d3f06ad1c6c1f0b	5520	fonts/google/google-noto-serif-tc/XLYzIZb5bJNDGYxLBibeHZ0BnHwmuanx8cUaGX9aMOpGUX0OtQ__6wAz38iTx4hXFby9Bs3q2e57ciWURAY9WpIx.103.woff2
bab7782a2df928160dec685c77602bba373e3350777a51a5b8a5d52b6577af1a	45368	fonts/google/google-noto-serif-tc/XLYzIZb5bJNDGYxLBibeHZ0BnHwmuanx8cUaGX9aMOpGUX0OtQ__6wAz38iTx4hXFby9Bs3q2e57ciWURAY9WpIx.104.woff2
ef6828ac0c35ba110dfb6e05c05879ad4d75c20a7558e7a9ad1e70de9a3b253e	43884	fonts/google/google-noto-serif-tc/XLYzIZb5bJNDGYxLBibeHZ0BnHwmuanx8cUaGX9aMOpGUX0OtQ__6wAz38iTx4hXFby9Bs3q2e57ciWURAY9WpIx.105.woff2
077765f6f9ce4f6b281cbca02bd348ece99f9441ed4c23123061418980ea13f4	44912	fonts/google/google-noto-serif-tc/XLYzIZb5bJNDGYxLBibeHZ0BnHwmuanx8cUaGX9aMOpGUX0OtQ__6wAz38iTx4hXFby9Bs3q2e57ciWURAY9WpIx.106.woff2
b282b1a0ac157ceb969aad045f23baf61758c9df43c657d5b9024d7b57c94847	49304	fonts/google/google-noto-serif-tc/XLYzIZb5bJNDGYxLBibeHZ0BnHwmuanx8cUaGX9aMOpGUX0OtQ__6wAz38iTx4hXFby9Bs3q2e57ciWURAY9WpIx.107.woff2
ebf5447f5f32af7e8a252140116de78022a0d698ff454e89ee87f421f186295f	47876	fonts/google/google-noto-serif-tc/XLYzIZb5bJNDGYxLBibeHZ0BnHwmuanx8cUaGX9aMOpGUX0OtQ__6wAz38iTx4hXFby9Bs3q2e57ciWURAY9WpIx.108.woff2
9b3832e58688009dd53c46e7d0a6171caf6d1ccbe5195750648b19993824f730	46608	fonts/google/google-noto-serif-tc/XLYzIZb5bJNDGYxLBibeHZ0BnHwmuanx8cUaGX9aMOpGUX0OtQ__6wAz38iTx4hXFby9Bs3q2e57ciWURAY9WpIx.109.woff2
d74a6a6ac3b0e176968b7600b7b5069be65a0f114d95a7ef75995f6ac012ffdc	10528	fonts/google/google-noto-serif-tc/XLYzIZb5bJNDGYxLBibeHZ0BnHwmuanx8cUaGX9aMOpGUX0OtQ__6wAz38iTx4hXFby9Bs3q2e57ciWURAY9WpIx.11.woff2
87251f9179b8b03fcadcb3d70e901b5067eb3fbb4fc2e09e7a847a4843229bac	50632	fonts/google/google-noto-serif-tc/XLYzIZb5bJNDGYxLBibeHZ0BnHwmuanx8cUaGX9aMOpGUX0OtQ__6wAz38iTx4hXFby9Bs3q2e57ciWURAY9WpIx.110.woff2
2bd5984d2070ef93b75d8bb1eb4e54c8fdace8b5ff43d3647f4f4612ab969cf9	50752	fonts/google/google-noto-serif-tc/XLYzIZb5bJNDGYxLBibeHZ0BnHwmuanx8cUaGX9aMOpGUX0OtQ__6wAz38iTx4hXFby9Bs3q2e57ciWURAY9WpIx.111.woff2
4eb5d793a0de984127ba8df8ceb1b16238354aca9edc9da7a209a465dd99bd00	49860	fonts/google/google-noto-serif-tc/XLYzIZb5bJNDGYxLBibeHZ0BnHwmuanx8cUaGX9aMOpGUX0OtQ__6wAz38iTx4hXFby9Bs3q2e57ciWURAY9WpIx.112.woff2
7420e6bb9b7047f5e1e59afcd8193f449f1c374330f42438eb0cee6c96e70770	49964	fonts/google/google-noto-serif-tc/XLYzIZb5bJNDGYxLBibeHZ0BnHwmuanx8cUaGX9aMOpGUX0OtQ__6wAz38iTx4hXFby9Bs3q2e57ciWURAY9WpIx.113.woff2
2f10fadc16847b4a342eaabc79ae7dc7e475dbdbc40ca51dab394ab266772232	54712	fonts/google/google-noto-serif-tc/XLYzIZb5bJNDGYxLBibeHZ0BnHwmuanx8cUaGX9aMOpGUX0OtQ__6wAz38iTx4hXFby9Bs3q2e57ciWURAY9WpIx.114.woff2
4000631b4c848dc7ebdf435e716ceb6fd96368e960fe05800500a1b171464cdb	52244	fonts/google/google-noto-serif-tc/XLYzIZb5bJNDGYxLBibeHZ0BnHwmuanx8cUaGX9aMOpGUX0OtQ__6wAz38iTx4hXFby9Bs3q2e57ciWURAY9WpIx.115.woff2
f3e1ef597886f83336479d41462235c617076cc7afdf698ec9782e9ce6483896	51008	fonts/google/google-noto-serif-tc/XLYzIZb5bJNDGYxLBibeHZ0BnHwmuanx8cUaGX9aMOpGUX0OtQ__6wAz38iTx4hXFby9Bs3q2e57ciWURAY9WpIx.116.woff2
b0aab378fc3538c6d79dd889d1e1e289a990f2b52b6a107be26cf9dc9a13b7a1	50216	fonts/google/google-noto-serif-tc/XLYzIZb5bJNDGYxLBibeHZ0BnHwmuanx8cUaGX9aMOpGUX0OtQ__6wAz38iTx4hXFby9Bs3q2e57ciWURAY9WpIx.117.woff2
184bb6199e69372ce34b6d74cdec071219db69f886e2ac0bb0e4c43cfa86d832	59112	fonts/google/google-noto-serif-tc/XLYzIZb5bJNDGYxLBibeHZ0BnHwmuanx8cUaGX9aMOpGUX0OtQ__6wAz38iTx4hXFby9Bs3q2e57ciWURAY9WpIx.118.woff2
2a7ac7133784dd6951a7ca442bfbe34b5c8cefee0f24cdc3fc44730fc2abe510	51028	fonts/google/google-noto-serif-tc/XLYzIZb5bJNDGYxLBibeHZ0BnHwmuanx8cUaGX9aMOpGUX0OtQ__6wAz38iTx4hXFby9Bs3q2e57ciWURAY9WpIx.119.woff2
1e3013dc3e8e0534302ba9c9f0342ada063a7b26dfc6f188b71cfdfa4cc8c255	7552	fonts/google/google-noto-serif-tc/XLYzIZb5bJNDGYxLBibeHZ0BnHwmuanx8cUaGX9aMOpGUX0OtQ__6wAz38iTx4hXFby9Bs3q2e57ciWURAY9WpIx.12.woff2
230acc3d32137f24c24c7119bcccf12b02176152f7d1a6944a37a5d7d9b6b6d7	50064	fonts/google/google-noto-serif-tc/XLYzIZb5bJNDGYxLBibeHZ0BnHwmuanx8cUaGX9aMOpGUX0OtQ__6wAz38iTx4hXFby9Bs3q2e57ciWURAY9WpIx.120.woff2
cae89354e38fafa8428b0946f97918bdeb45eaec79117e72355280dc295a651b	44708	fonts/google/google-noto-serif-tc/XLYzIZb5bJNDGYxLBibeHZ0BnHwmuanx8cUaGX9aMOpGUX0OtQ__6wAz38iTx4hXFby9Bs3q2e57ciWURAY9WpIx.121.woff2
f4d3c24eb045f5d0a9b219fed1347316ffa8f729f70bfaddd292d5f8142873fa	42484	fonts/google/google-noto-serif-tc/XLYzIZb5bJNDGYxLBibeHZ0BnHwmuanx8cUaGX9aMOpGUX0OtQ__6wAz38iTx4hXFby9Bs3q2e57ciWURAY9WpIx.122.woff2
705874822d02eda5b6ce7d31dcd30000cc96f170a0e1fbe5cdcdbc1b027e860e	26924	fonts/google/google-noto-serif-tc/XLYzIZb5bJNDGYxLBibeHZ0BnHwmuanx8cUaGX9aMOpGUX0OtQ__6wAz38iTx4hXFby9Bs3q2e57ciWURAY9WpIx.123.woff2
a8264056bc0ad5da535f57e53a097a06967ddc721dd0afb03784c4c565b38029	17652	fonts/google/google-noto-serif-tc/XLYzIZb5bJNDGYxLBibeHZ0BnHwmuanx8cUaGX9aMOpGUX0OtQ__6wAz38iTx4hXFby9Bs3q2e57ciWURAY9WpIx.2.woff2
064e58ea5ef7855526112685984bff38bfe7975660b2c111b4af7411ae1e3402	22736	fonts/google/google-noto-serif-tc/XLYzIZb5bJNDGYxLBibeHZ0BnHwmuanx8cUaGX9aMOpGUX0OtQ__6wAz38iTx4hXFby9Bs3q2e57ciWURAY9WpIx.23.woff2
99981e2e53b0c77cc2aaa873d2ee55ffbe5c72907a3a9aa04a12357191578633	36348	fonts/google/google-noto-serif-tc/XLYzIZb5bJNDGYxLBibeHZ0BnHwmuanx8cUaGX9aMOpGUX0OtQ__6wAz38iTx4hXFby9Bs3q2e57ciWURAY9WpIx.24.woff2
02e9c64ab90759e7156019a4216ab59cd065020478de75bf48c22bc58b36b316	31676	fonts/google/google-noto-serif-tc/XLYzIZb5bJNDGYxLBibeHZ0BnHwmuanx8cUaGX9aMOpGUX0OtQ__6wAz38iTx4hXFby9Bs3q2e57ciWURAY9WpIx.25.woff2
e572983257535c195e25ce7a1554feca8ed9d83dd9bc65fae709ef04b83ab217	32188	fonts/google/google-noto-serif-tc/XLYzIZb5bJNDGYxLBibeHZ0BnHwmuanx8cUaGX9aMOpGUX0OtQ__6wAz38iTx4hXFby9Bs3q2e57ciWURAY9WpIx.26.woff2
fe70d9df08100905ab0a6fed1ccd6a146212356f784dc2a9098a7ededc99f7b7	29916	fonts/google/google-noto-serif-tc/XLYzIZb5bJNDGYxLBibeHZ0BnHwmuanx8cUaGX9aMOpGUX0OtQ__6wAz38iTx4hXFby9Bs3q2e57ciWURAY9WpIx.27.woff2
82662c8b3f2547a327343100bfb030a55438ececacb58fe528be94acc4ffb5e1	27780	fonts/google/google-noto-serif-tc/XLYzIZb5bJNDGYxLBibeHZ0BnHwmuanx8cUaGX9aMOpGUX0OtQ__6wAz38iTx4hXFby9Bs3q2e57ciWURAY9WpIx.28.woff2
29e661e5c5d61aac18599e125d58a2272b3edd141b2772dd5f567fe563f351f0	33272	fonts/google/google-noto-serif-tc/XLYzIZb5bJNDGYxLBibeHZ0BnHwmuanx8cUaGX9aMOpGUX0OtQ__6wAz38iTx4hXFby9Bs3q2e57ciWURAY9WpIx.29.woff2
480a017eb375f57a58b096dea8e06d518cfea5feb314623fc5af6d456c40bca9	17312	fonts/google/google-noto-serif-tc/XLYzIZb5bJNDGYxLBibeHZ0BnHwmuanx8cUaGX9aMOpGUX0OtQ__6wAz38iTx4hXFby9Bs3q2e57ciWURAY9WpIx.30.woff2
fbb89ad44e12ea6ca67e0a0fa8020242823cca25137d11205552e9d4a8abb292	19268	fonts/google/google-noto-serif-tc/XLYzIZb5bJNDGYxLBibeHZ0BnHwmuanx8cUaGX9aMOpGUX0OtQ__6wAz38iTx4hXFby9Bs3q2e57ciWURAY9WpIx.31.woff2
812b5da31094f2b7cfc4ece2a1723a35e33f4b2f2a1a052a1b2df5c7dfeac098	38684	fonts/google/google-noto-serif-tc/XLYzIZb5bJNDGYxLBibeHZ0BnHwmuanx8cUaGX9aMOpGUX0OtQ__6wAz38iTx4hXFby9Bs3q2e57ciWURAY9WpIx.32.woff2
634a546a5a50e19a99793bd84e2ef450570c83eb859e7f60ee1b1695e10f7d34	30940	fonts/google/google-noto-serif-tc/XLYzIZb5bJNDGYxLBibeHZ0BnHwmuanx8cUaGX9aMOpGUX0OtQ__6wAz38iTx4hXFby9Bs3q2e57ciWURAY9WpIx.33.woff2
12b38156b9bb319b59033b5e4eb870080d7e01f55af99a79800dfce983ef6126	30460	fonts/google/google-noto-serif-tc/XLYzIZb5bJNDGYxLBibeHZ0BnHwmuanx8cUaGX9aMOpGUX0OtQ__6wAz38iTx4hXFby9Bs3q2e57ciWURAY9WpIx.34.woff2
64a5b125c6e77ad7c6592a67dfbbeb5b766ccf77faed158be824256e83761987	23504	fonts/google/google-noto-serif-tc/XLYzIZb5bJNDGYxLBibeHZ0BnHwmuanx8cUaGX9aMOpGUX0OtQ__6wAz38iTx4hXFby9Bs3q2e57ciWURAY9WpIx.35.woff2
9c38b1607876d7a023e9f9bf9817f0f1527d664a6fcd1741a87c728e08df7ea0	32900	fonts/google/google-noto-serif-tc/XLYzIZb5bJNDGYxLBibeHZ0BnHwmuanx8cUaGX9aMOpGUX0OtQ__6wAz38iTx4hXFby9Bs3q2e57ciWURAY9WpIx.36.woff2
896ba316df9d7383c31dc52ca5963bfc5c2393b24d4933a5c58df4399a23832b	22196	fonts/google/google-noto-serif-tc/XLYzIZb5bJNDGYxLBibeHZ0BnHwmuanx8cUaGX9aMOpGUX0OtQ__6wAz38iTx4hXFby9Bs3q2e57ciWURAY9WpIx.37.woff2
8c33e10cc5345ee09d11d48c4f511cd012a0241fe11c45959f027fb7473206df	14616	fonts/google/google-noto-serif-tc/XLYzIZb5bJNDGYxLBibeHZ0BnHwmuanx8cUaGX9aMOpGUX0OtQ__6wAz38iTx4hXFby9Bs3q2e57ciWURAY9WpIx.38.woff2
5e2fa6f44592d1e3cbab1afd732b3fcb13a643371d79338590f87f102c023b08	30972	fonts/google/google-noto-serif-tc/XLYzIZb5bJNDGYxLBibeHZ0BnHwmuanx8cUaGX9aMOpGUX0OtQ__6wAz38iTx4hXFby9Bs3q2e57ciWURAY9WpIx.39.woff2
1c5dbe7184d598ad7539458d6d927f6a0a4a59df50edce9a3a344d37ea1cde73	6472	fonts/google/google-noto-serif-tc/XLYzIZb5bJNDGYxLBibeHZ0BnHwmuanx8cUaGX9aMOpGUX0OtQ__6wAz38iTx4hXFby9Bs3q2e57ciWURAY9WpIx.4.woff2
52252a287d1fcc35c0a3d17ccb4e0a8b9f1cb169cd4e0fcf9e9c77ab519b584d	33096	fonts/google/google-noto-serif-tc/XLYzIZb5bJNDGYxLBibeHZ0BnHwmuanx8cUaGX9aMOpGUX0OtQ__6wAz38iTx4hXFby9Bs3q2e57ciWURAY9WpIx.40.woff2
df3fbc4662fe252bb8c317d185e3ecd83896bde6f714a38350139593e5ba01ae	36688	fonts/google/google-noto-serif-tc/XLYzIZb5bJNDGYxLBibeHZ0BnHwmuanx8cUaGX9aMOpGUX0OtQ__6wAz38iTx4hXFby9Bs3q2e57ciWURAY9WpIx.41.woff2
0cfd13e5bf2c367d9fc5127b508ed5fbcb018b02528fcf5f4dd255dbe58c4bc8	30428	fonts/google/google-noto-serif-tc/XLYzIZb5bJNDGYxLBibeHZ0BnHwmuanx8cUaGX9aMOpGUX0OtQ__6wAz38iTx4hXFby9Bs3q2e57ciWURAY9WpIx.42.woff2
fd6224cf529f68763790af9c03c7427a8d9f1a629288e97e31af3a512d9aa9cb	35636	fonts/google/google-noto-serif-tc/XLYzIZb5bJNDGYxLBibeHZ0BnHwmuanx8cUaGX9aMOpGUX0OtQ__6wAz38iTx4hXFby9Bs3q2e57ciWURAY9WpIx.43.woff2
49f255acf53fdd5a00680d42d374431ff76d49c255a49b29809f7e1cd17bb5a1	27908	fonts/google/google-noto-serif-tc/XLYzIZb5bJNDGYxLBibeHZ0BnHwmuanx8cUaGX9aMOpGUX0OtQ__6wAz38iTx4hXFby9Bs3q2e57ciWURAY9WpIx.44.woff2
457f5d7c9e0d2f5837b2804bef4cd295c05767fb6525e9a83c9d2379392cb188	20988	fonts/google/google-noto-serif-tc/XLYzIZb5bJNDGYxLBibeHZ0BnHwmuanx8cUaGX9aMOpGUX0OtQ__6wAz38iTx4hXFby9Bs3q2e57ciWURAY9WpIx.45.woff2
b6389a1266647c58579d8bc24acf89f2aa492d68c750e10984b6b4ad0fbc8634	31532	fonts/google/google-noto-serif-tc/XLYzIZb5bJNDGYxLBibeHZ0BnHwmuanx8cUaGX9aMOpGUX0OtQ__6wAz38iTx4hXFby9Bs3q2e57ciWURAY9WpIx.46.woff2
bd28cfcf33486f0817f629c5ae47068b1f70e00448dfabfd43acb3d8bb6fe826	26828	fonts/google/google-noto-serif-tc/XLYzIZb5bJNDGYxLBibeHZ0BnHwmuanx8cUaGX9aMOpGUX0OtQ__6wAz38iTx4hXFby9Bs3q2e57ciWURAY9WpIx.47.woff2
3b871027ba90fc411d03a5f2c3a3aef505b871dca546b2aacaa4ef51a571ccce	15700	fonts/google/google-noto-serif-tc/XLYzIZb5bJNDGYxLBibeHZ0BnHwmuanx8cUaGX9aMOpGUX0OtQ__6wAz38iTx4hXFby9Bs3q2e57ciWURAY9WpIx.48.woff2
41c07415d2830a490ac2868112ad7b7d1e99ed2888e6aba9cb3e92ed32861da5	40588	fonts/google/google-noto-serif-tc/XLYzIZb5bJNDGYxLBibeHZ0BnHwmuanx8cUaGX9aMOpGUX0OtQ__6wAz38iTx4hXFby9Bs3q2e57ciWURAY9WpIx.49.woff2
bda3fcecce59a908867365769e65904c1f6e515733fe1563ae6f9b808401fbe4	38188	fonts/google/google-noto-serif-tc/XLYzIZb5bJNDGYxLBibeHZ0BnHwmuanx8cUaGX9aMOpGUX0OtQ__6wAz38iTx4hXFby9Bs3q2e57ciWURAY9WpIx.50.woff2
46ac8a3d47aa294b1540063113c6935ae982874e13dbf0a90ca4593a67a961d5	29848	fonts/google/google-noto-serif-tc/XLYzIZb5bJNDGYxLBibeHZ0BnHwmuanx8cUaGX9aMOpGUX0OtQ__6wAz38iTx4hXFby9Bs3q2e57ciWURAY9WpIx.51.woff2
7f875891649ec5f0fcf4e9e494a70c82f818a40728dbfc5d96e838dac30d192f	30184	fonts/google/google-noto-serif-tc/XLYzIZb5bJNDGYxLBibeHZ0BnHwmuanx8cUaGX9aMOpGUX0OtQ__6wAz38iTx4hXFby9Bs3q2e57ciWURAY9WpIx.52.woff2
e17c0bb4813a6eb2f8bde4fbb99e60a17aade63cfd3974b773085940d2258ff2	29948	fonts/google/google-noto-serif-tc/XLYzIZb5bJNDGYxLBibeHZ0BnHwmuanx8cUaGX9aMOpGUX0OtQ__6wAz38iTx4hXFby9Bs3q2e57ciWURAY9WpIx.53.woff2
ee80899156044f2731d002eb616cdb79639855ff3aef7ccd35c7f6ca6dad2ad0	26372	fonts/google/google-noto-serif-tc/XLYzIZb5bJNDGYxLBibeHZ0BnHwmuanx8cUaGX9aMOpGUX0OtQ__6wAz38iTx4hXFby9Bs3q2e57ciWURAY9WpIx.54.woff2
4f84b70f8144614a911aee519c00bb10a05e494d9515e4e6f9f9d9a20d61dafa	29944	fonts/google/google-noto-serif-tc/XLYzIZb5bJNDGYxLBibeHZ0BnHwmuanx8cUaGX9aMOpGUX0OtQ__6wAz38iTx4hXFby9Bs3q2e57ciWURAY9WpIx.55.woff2
5aa1c713306db7c26656b7e5804d85f787faf84347360ebedf7451d363ee29c4	28928	fonts/google/google-noto-serif-tc/XLYzIZb5bJNDGYxLBibeHZ0BnHwmuanx8cUaGX9aMOpGUX0OtQ__6wAz38iTx4hXFby9Bs3q2e57ciWURAY9WpIx.56.woff2
a174a492193107eeca3863569a05a1da7b3fd96cce4156c16e203c7d44c491ad	28480	fonts/google/google-noto-serif-tc/XLYzIZb5bJNDGYxLBibeHZ0BnHwmuanx8cUaGX9aMOpGUX0OtQ__6wAz38iTx4hXFby9Bs3q2e57ciWURAY9WpIx.57.woff2
99a186a488b7bcf0efe53c8814cecfb36ae4107ca43d7ce5fc01a2260470ea94	28432	fonts/google/google-noto-serif-tc/XLYzIZb5bJNDGYxLBibeHZ0BnHwmuanx8cUaGX9aMOpGUX0OtQ__6wAz38iTx4hXFby9Bs3q2e57ciWURAY9WpIx.58.woff2
5682150b822dd9b001a2cd95d653b38119dcaf9a66abb2a0e276502003aada74	33800	fonts/google/google-noto-serif-tc/XLYzIZb5bJNDGYxLBibeHZ0BnHwmuanx8cUaGX9aMOpGUX0OtQ__6wAz38iTx4hXFby9Bs3q2e57ciWURAY9WpIx.59.woff2
b2841ffc147c71bc66e5d5ec93271609ddf4398fca74bc68ae0cb1326540c747	35820	fonts/google/google-noto-serif-tc/XLYzIZb5bJNDGYxLBibeHZ0BnHwmuanx8cUaGX9aMOpGUX0OtQ__6wAz38iTx4hXFby9Bs3q2e57ciWURAY9WpIx.60.woff2
433eb120d98e21ed65b637249c048a6d88094c12e2838f640b22cad92555c726	38144	fonts/google/google-noto-serif-tc/XLYzIZb5bJNDGYxLBibeHZ0BnHwmuanx8cUaGX9aMOpGUX0OtQ__6wAz38iTx4hXFby9Bs3q2e57ciWURAY9WpIx.61.woff2
872b73883cf1fe691c706d241711a968e23d35b2ed2a40215a695177520c4fce	32300	fonts/google/google-noto-serif-tc/XLYzIZb5bJNDGYxLBibeHZ0BnHwmuanx8cUaGX9aMOpGUX0OtQ__6wAz38iTx4hXFby9Bs3q2e57ciWURAY9WpIx.62.woff2
37f50d8d2f54f93cd203ecfa834db20ca57337289fb628fa8c82628b80f9ad92	25284	fonts/google/google-noto-serif-tc/XLYzIZb5bJNDGYxLBibeHZ0BnHwmuanx8cUaGX9aMOpGUX0OtQ__6wAz38iTx4hXFby9Bs3q2e57ciWURAY9WpIx.63.woff2
900d005f6c4f780f857b0c366f0ee415fd6c8b920d5be5980d57a8f18a5c3178	26512	fonts/google/google-noto-serif-tc/XLYzIZb5bJNDGYxLBibeHZ0BnHwmuanx8cUaGX9aMOpGUX0OtQ__6wAz38iTx4hXFby9Bs3q2e57ciWURAY9WpIx.64.woff2
3563bc3b95f331229eedb9a48b0e843955b0e14a6afe3c2f3701318105dfd8f0	37340	fonts/google/google-noto-serif-tc/XLYzIZb5bJNDGYxLBibeHZ0BnHwmuanx8cUaGX9aMOpGUX0OtQ__6wAz38iTx4hXFby9Bs3q2e57ciWURAY9WpIx.65.woff2
d7dd06d3cac9fa8ad94daa86cd212bd918c09aa482b4be1f1bbf49946991a6ff	30784	fonts/google/google-noto-serif-tc/XLYzIZb5bJNDGYxLBibeHZ0BnHwmuanx8cUaGX9aMOpGUX0OtQ__6wAz38iTx4hXFby9Bs3q2e57ciWURAY9WpIx.66.woff2
4f5d5f49d85196b755c908db69eb49d6f09d2a04be47bbc2c432657701012faf	24716	fonts/google/google-noto-serif-tc/XLYzIZb5bJNDGYxLBibeHZ0BnHwmuanx8cUaGX9aMOpGUX0OtQ__6wAz38iTx4hXFby9Bs3q2e57ciWURAY9WpIx.67.woff2
fe3aaa245e5f6c31232c9345ec531d3a05556439d8689650f2ce1de03dae7e31	22560	fonts/google/google-noto-serif-tc/XLYzIZb5bJNDGYxLBibeHZ0BnHwmuanx8cUaGX9aMOpGUX0OtQ__6wAz38iTx4hXFby9Bs3q2e57ciWURAY9WpIx.68.woff2
95f046342bab80b61f9eb5ecc47e1b31e41ed32ee422894b3422ad9041f683d2	24668	fonts/google/google-noto-serif-tc/XLYzIZb5bJNDGYxLBibeHZ0BnHwmuanx8cUaGX9aMOpGUX0OtQ__6wAz38iTx4hXFby9Bs3q2e57ciWURAY9WpIx.69.woff2
771ee3a946e1664bbd006b755256fe7c26a8049524f3a1c700827d0ce8a781d6	34904	fonts/google/google-noto-serif-tc/XLYzIZb5bJNDGYxLBibeHZ0BnHwmuanx8cUaGX9aMOpGUX0OtQ__6wAz38iTx4hXFby9Bs3q2e57ciWURAY9WpIx.70.woff2
f8d7325344c90b6faab1290a86624b87bebc4f1830a22a7f4c66333d5cadd8cc	24092	fonts/google/google-noto-serif-tc/XLYzIZb5bJNDGYxLBibeHZ0BnHwmuanx8cUaGX9aMOpGUX0OtQ__6wAz38iTx4hXFby9Bs3q2e57ciWURAY9WpIx.71.woff2
282e2f0dd2366fa7b4c2dcb486966dc4bfd23a2d465148e3d5a7833a2fb14efa	23944	fonts/google/google-noto-serif-tc/XLYzIZb5bJNDGYxLBibeHZ0BnHwmuanx8cUaGX9aMOpGUX0OtQ__6wAz38iTx4hXFby9Bs3q2e57ciWURAY9WpIx.72.woff2
72c36430a8db0c9555d3d8dc15c2f1e88c53ab2986b0f535d1f72ae32e134b9c	30600	fonts/google/google-noto-serif-tc/XLYzIZb5bJNDGYxLBibeHZ0BnHwmuanx8cUaGX9aMOpGUX0OtQ__6wAz38iTx4hXFby9Bs3q2e57ciWURAY9WpIx.73.woff2
4d6f826e229e2bb1b9f9cbba70a3b8ea7a6fb366c72077265a06794c72bb8e05	20448	fonts/google/google-noto-serif-tc/XLYzIZb5bJNDGYxLBibeHZ0BnHwmuanx8cUaGX9aMOpGUX0OtQ__6wAz38iTx4hXFby9Bs3q2e57ciWURAY9WpIx.74.woff2
63e0fee76b958e473b82be5fe9ed8e7071426f2ab2afe991456b5eef2c18ced1	25280	fonts/google/google-noto-serif-tc/XLYzIZb5bJNDGYxLBibeHZ0BnHwmuanx8cUaGX9aMOpGUX0OtQ__6wAz38iTx4hXFby9Bs3q2e57ciWURAY9WpIx.75.woff2
b231b2e4a51c52383a0776b2bc66f35b636576dfdaedc79545ff7c3e5b36e295	27752	fonts/google/google-noto-serif-tc/XLYzIZb5bJNDGYxLBibeHZ0BnHwmuanx8cUaGX9aMOpGUX0OtQ__6wAz38iTx4hXFby9Bs3q2e57ciWURAY9WpIx.76.woff2
d812e013388490447eb530324d28ebbe41abc0be39ceca2ff57296f63dddae2f	20548	fonts/google/google-noto-serif-tc/XLYzIZb5bJNDGYxLBibeHZ0BnHwmuanx8cUaGX9aMOpGUX0OtQ__6wAz38iTx4hXFby9Bs3q2e57ciWURAY9WpIx.77.woff2
64894600ce7d5673c2e6b9538f3d24dc95bf64555698dca91518e11af44530f6	36100	fonts/google/google-noto-serif-tc/XLYzIZb5bJNDGYxLBibeHZ0BnHwmuanx8cUaGX9aMOpGUX0OtQ__6wAz38iTx4hXFby9Bs3q2e57ciWURAY9WpIx.78.woff2
4c8d411412e44eab58dd004853cf019a9d5968a5fea3e997f1eeacdf95e071aa	24968	fonts/google/google-noto-serif-tc/XLYzIZb5bJNDGYxLBibeHZ0BnHwmuanx8cUaGX9aMOpGUX0OtQ__6wAz38iTx4hXFby9Bs3q2e57ciWURAY9WpIx.79.woff2
ed53d9209fcf2c85a50ec345c3636dba289796ca37063b45e65ef7d9da7327d7	29124	fonts/google/google-noto-serif-tc/XLYzIZb5bJNDGYxLBibeHZ0BnHwmuanx8cUaGX9aMOpGUX0OtQ__6wAz38iTx4hXFby9Bs3q2e57ciWURAY9WpIx.80.woff2
1f2d1347b4461f5e5215a33482a8f67243844971e95fbf496b6cf5fbeb6defc2	25196	fonts/google/google-noto-serif-tc/XLYzIZb5bJNDGYxLBibeHZ0BnHwmuanx8cUaGX9aMOpGUX0OtQ__6wAz38iTx4hXFby9Bs3q2e57ciWURAY9WpIx.81.woff2
ab87c5edee98e780b88c50c9808c9484bee2afe32b93a04326545113989f9449	30808	fonts/google/google-noto-serif-tc/XLYzIZb5bJNDGYxLBibeHZ0BnHwmuanx8cUaGX9aMOpGUX0OtQ__6wAz38iTx4hXFby9Bs3q2e57ciWURAY9WpIx.82.woff2
d2956ba12973e4ce76bf495362c2ad95d43c802b1583c068d2cf0ae02bc0f58d	20564	fonts/google/google-noto-serif-tc/XLYzIZb5bJNDGYxLBibeHZ0BnHwmuanx8cUaGX9aMOpGUX0OtQ__6wAz38iTx4hXFby9Bs3q2e57ciWURAY9WpIx.83.woff2
7d904b777f2c4b1248b127d2b1743ea28c0bc50501950fdfa213b35909ca5bda	18956	fonts/google/google-noto-serif-tc/XLYzIZb5bJNDGYxLBibeHZ0BnHwmuanx8cUaGX9aMOpGUX0OtQ__6wAz38iTx4hXFby9Bs3q2e57ciWURAY9WpIx.84.woff2
b061655f47a8504302bd15be9531e1a0ffc1f10b2d606e0549c98c4c215170f9	21960	fonts/google/google-noto-serif-tc/XLYzIZb5bJNDGYxLBibeHZ0BnHwmuanx8cUaGX9aMOpGUX0OtQ__6wAz38iTx4hXFby9Bs3q2e57ciWURAY9WpIx.85.woff2
81e0a6700044a4152d5d3b0e76c05b044384b15474442e71098b68e4651e92f4	30484	fonts/google/google-noto-serif-tc/XLYzIZb5bJNDGYxLBibeHZ0BnHwmuanx8cUaGX9aMOpGUX0OtQ__6wAz38iTx4hXFby9Bs3q2e57ciWURAY9WpIx.86.woff2
a5cca6f32838dabec89084cf3fec27da34bf4410b2c129321ec72583c12f2592	20700	fonts/google/google-noto-serif-tc/XLYzIZb5bJNDGYxLBibeHZ0BnHwmuanx8cUaGX9aMOpGUX0OtQ__6wAz38iTx4hXFby9Bs3q2e57ciWURAY9WpIx.87.woff2
0706b7f218421e435d74087976a02cc81a7aba9c3948714660f7e48bb2235adb	12708	fonts/google/google-noto-serif-tc/XLYzIZb5bJNDGYxLBibeHZ0BnHwmuanx8cUaGX9aMOpGUX0OtQ__6wAz38iTx4hXFby9Bs3q2e57ciWURAY9WpIx.88.woff2
a424ac7a9b0ee3d50a2f58b5a6e2596e880961451bb396dc18ecfd87755fb5f5	27692	fonts/google/google-noto-serif-tc/XLYzIZb5bJNDGYxLBibeHZ0BnHwmuanx8cUaGX9aMOpGUX0OtQ__6wAz38iTx4hXFby9Bs3q2e57ciWURAY9WpIx.89.woff2
f7ab92dca519ca5452904faf9534fc2b54a456f9d86ee31a9f6fe78e0a1ed051	8192	fonts/google/google-noto-serif-tc/XLYzIZb5bJNDGYxLBibeHZ0BnHwmuanx8cUaGX9aMOpGUX0OtQ__6wAz38iTx4hXFby9Bs3q2e57ciWURAY9WpIx.90.woff2
0f7863159414864c18ecdebbdc2f56503781a7a546cea633dcb6099983af6c16	4016	fonts/google/google-noto-serif-tc/XLYzIZb5bJNDGYxLBibeHZ0BnHwmuanx8cUaGX9aMOpGUX0OtQ__6wAz38iTx4hXFby9Bs3q2e57ciWURAY9WpIx.91.woff2
55550adc0e9b431ef341818531c2663f5e45a85c77fbe9219cad4f3b012e020f	6208	fonts/google/google-noto-serif-tc/XLYzIZb5bJNDGYxLBibeHZ0BnHwmuanx8cUaGX9aMOpGUX0OtQ__6wAz38iTx4hXFby9Bs3q2e57ciWURAY9WpIx.92.woff2
bdf093d61847cc15b36a89d4f6fae7d944b13f22cb70f5fcfa09dabd4fc7f6ac	7812	fonts/google/google-noto-serif-tc/XLYzIZb5bJNDGYxLBibeHZ0BnHwmuanx8cUaGX9aMOpGUX0OtQ__6wAz38iTx4hXFby9Bs3q2e57ciWURAY9WpIx.93.woff2
15d3962d89071c00b161f53a8bb585fa4cc8113ade12e69d8067b314e1d39c7f	5628	fonts/google/google-noto-serif-tc/XLYzIZb5bJNDGYxLBibeHZ0BnHwmuanx8cUaGX9aMOpGUX0OtQ__6wAz38iTx4hXFby9Bs3q2e57ciWURAY9WpIx.94.woff2
ec42a245cc887bd4f03bea9bf19839a246e667303e30031e7bf36ec824c89bcd	6008	fonts/google/google-noto-serif-tc/XLYzIZb5bJNDGYxLBibeHZ0BnHwmuanx8cUaGX9aMOpGUX0OtQ__6wAz38iTx4hXFby9Bs3q2e57ciWURAY9WpIx.95.woff2
e9df7b38a076123e1d953a5e2f47db6cb23748e40dc7ffcb08e9eebea3244601	2584	fonts/google/google-noto-serif-tc/XLYzIZb5bJNDGYxLBibeHZ0BnHwmuanx8cUaGX9aMOpGUX0OtQ__6wAz38iTx4hXFby9Bs3q2e57ciWURAY9WpIx.96.woff2
10e6d832bc73650840aa7fbfec4e10c527f8136ae2aec71c3e1c13a67475c24a	16528276	fonts/adobe/SourceHanSansTC-Regular.otf
659c9606d8fda03372247b99ec5e5bbc5a034e06a70d80fb00546772c582d3e5	24542148	fonts/adobe/SourceHanSerifTC-Regular.otf
c3bf8ebcfcbd4b16cdbdf3598ff48c485f89a43549bbf468823c3ee3a5450511	10192	repro/fonts/A-default.woff2
c3bf8ebcfcbd4b16cdbdf3598ff48c485f89a43549bbf468823c3ee3a5450511	10192	repro/fonts/B-keep-base.woff2
bb7be03ee16a4083dc271c6775d662a8fa0010e56dc057880192d4eb0e8cb2dd	10080	repro/fonts/C-drop-base.woff2
1bb7930f6f029964eae78cddac95fbc5ddc2822fcbcf404c81c02987a8429a71	10164	repro/fonts/D-altered-metrics.woff2
bfae6508a4dbd32bb9b2fd1eb44c0a72720d171a074f63ec7e763e548a7c06dd	10180	repro/fonts/E-use-typo-metrics.woff2
3fa8542151ab8bc8120ebda517536e94526ccd4496ec4e3010bbae9c4febb07c	10232	repro/fonts/E2-use-typo-metrics-v4.woff2
fd908d55a63ae9937b2ea16aa934701be2d982378033627be6dc7fad43bfd57a	16712380	repro/fonts/adobe-full.woff2
c3bf8ebcfcbd4b16cdbdf3598ff48c485f89a43549bbf468823c3ee3a5450511	10192	repro/fonts/adobe-subset-default.woff2
435c90093b0e096c45c0b99acb7cd2cea57dcf8cff0316b6e135e65ac0a94719	14124	repro/fonts/adobe-subset-keep-tables.woff2
b0aab378fc3538c6d79dd889d1e1e289a990f2b52b6a107be26cf9dc9a13b7a1	50216	repro/fonts/google-serif-tc-cjk.117.woff2
2a7ac7133784dd6951a7ca442bfbe34b5c8cefee0f24cdc3fc44730fc2abe510	51028	repro/fonts/google-serif-tc-cjk.119.woff2
230acc3d32137f24c24c7119bcccf12b02176152f7d1a6944a37a5d7d9b6b6d7	50064	repro/fonts/google-serif-tc-cjk.120.woff2
f4d3c24eb045f5d0a9b219fed1347316ffa8f729f70bfaddd292d5f8142873fa	42484	repro/fonts/google-serif-tc-cjk.122.woff2
2884bff3136a31acbb65c80f14a5a332676afefbce07628b927b95b14b7f5e08	18628	repro/fonts/google-serif-tc-latin.woff2
